analyst_id,Ticker,Reports,Quarters,Points,PtsEst,ErrorRate,Accuracy
pureoptions,AAPL,1-Feb,5,-3,-0.6,16.10%,29%
pureoptions,THO,7-Mar,4,-32,-8,25.90%,14%
pureoptions,TWTR,10-Feb,4,-14,-3.5,26.10%,47%
pureoptions,UPWK,3-Mar,4,53,13.3,35.70%,65%
pureoptions,EBAY,2-Feb,4,35,8.8,3.60%,54%
pureoptions,UNFI,9-Mar,4,53,13.3,12.60%,66%
pureoptions,WDFC,12-Jan,4,49,12.3,24.70%,40%
pureoptions,EPC,10-Feb,4,75,18.8,12.20%,59%
pureoptions,LYFT,15-Feb,4,52,13,33.20%,53%
pureoptions,UBER,9-Feb,4,1,0.3,41.10%,47%
pureoptions,NFLX,18-Jan,4,-13,-3.3,10.00%,39%
pureoptions,CWH,10-Mar,4,-117,-29.3,34.60%,1%
pureoptions,BRBR,10-Feb,4,-3,-0.8,16.80%,23%
pureoptions,PLTR,15-Feb,3,-18,-6,31.20%,33%
pureoptions,ZM,9-Mar,3,1,0.3,14.80%,42%
pureoptions,IRDM,24-Feb,3,3,1,38.70%,33%
pureoptions,JPM,14-Jan,3,42,14,12.80%,45%
pureoptions,WGO,17-Dec,3,-17,-5.7,23.60%,18%
pureoptions,ENPH,1-Mar,3,72,24,4.90%,68%
pureoptions,CLF,27-Jan,3,-48,-16,32.80%,17%
pureoptions,GM,1-Feb,3,38,12.7,24.00%,52%
pureoptions,FB,2-Feb,3,23,7.7,10.40%,43%
pureoptions,TSLA,2-Feb,3,-9,-3,22.70%,37%
pureoptions,ANGI,9-Feb,3,23,7.7,24.10%,55%
pureoptions,CMG,8-Feb,3,11,3.7,7.20%,44%
pureoptions,NCLH,24-Feb,3,6,2,54.20%,57%
pureoptions,FAST,19-Jan,3,-37,-12.3,3.00%,37%
pureoptions,SNAP,8-Feb,3,52,17.3,43.40%,50%
pureoptions,COIN,10-Feb,3,35,11.7,25.10%,45%
pureoptions,FMS,23-Feb,2,5,2.5,21.30%,41%
yorel,PPG,20-Jan,1,17,17,6.90%,78%
yorel,CCK,9-Feb,1,13,13,9.90%,75%
yorel,CALM,7-Jan,1,-3,-3,55.90%,94%
yorel,ALV,28-Jan,1,-3,-3,8.10%,96%
yorel,NVR,27-Jan,1,17,17,6.20%,57%
yorel,AN,4-Feb,1,-7,-7,29.60%,37%
yorel,TSCO,2-Feb,1,-7,-7,5.10%,48%
yorel,STLD,24-Jan,1,31,31,3.00%,56%
yorel,STT,26-Jan,1,18,18,5.20%,47%
yorel,SCHW,19-Jan,1,4,4,1.40%,69%
yorel,MAN,1-Feb,1,22,22,13.40%,51%
yorel,HCSG,8-Feb,1,-4,-4,51.20%,87%
yorel,JBHT,18-Jan,1,-9,-9,4.70%,14%
yorel,KSU,21-Jan,1,-3,-3,2.50%,74%
yorel,IBM,24-Jan,1,7,7,1.60%,50%
yorel,SYF,28-Jan,1,-7,-7,22.00%,28%
yorel,ERIC,25-Jan,1,19,19,4.70%,73%
yorel,LOGI,17-Jan,1,-16,-16,23.10%,7%
Analyst_2297174,CYD,13-Dec,1,11,11,6.90%,74%
Analyst_9910177,CYD,13-Dec,1,-11,-11,37.90%,37%
Canaccord_188,SHOP,16-Feb,11,102,9.3,34.40%,44%
Canaccord_188,VEEV,1-Mar,11,53,4.8,8.40%,31%
Canaccord_188,ZEN,8-Feb,11,117,10.6,18.50%,50%
Canaccord_188,AZPN,26-Jan,10,88,8.8,15.50%,49%
Canaccord_188,PAYC,8-Feb,10,-105,-10.5,11.10%,13%
Canaccord_188,SPSC,8-Feb,8,178,22.3,5.80%,64%
Canaccord_188,QTWO,16-Feb,8,-51,-6.4,47.70%,27%
Canaccord_188,DBX,24-Feb,7,14,2,11.00%,37%
Canaccord_188,EVBG,22-Feb,7,1,0.1,41.90%,27%
Canaccord_188,BAND,24-Feb,7,-55,-7.9,57.90%,18%
Canaccord_188,SAIL,24-Feb,7,0,0,53.30%,21%
Canaccord_188,NOW,26-Jan,7,-18,-2.6,8.80%,16%
Canaccord_188,HUBS,15-Feb,7,95,13.6,16.40%,42%
Canaccord_188,TEAM,20-Jan,7,85,12.1,9.30%,36%
Canaccord_188,TWLO,15-Feb,7,0,0,50.30%,18%
Canaccord_188,MDB,16-Mar,6,-4,-0.7,38.70%,23%
Canaccord_188,CRM,1-Mar,6,22,3.7,19.90%,30%
Canaccord_188,ADSK,3-Mar,6,65,10.8,4.40%,39%
Canaccord_188,WDAY,28-Feb,6,6,1,12.80%,27%
Canaccord_188,OKTA,10-Mar,6,-58,-9.7,38.50%,10%
Canaccord_188,PLAN,2-Mar,6,4,0.7,27.80%,19%
Canaccord_188,SMAR,22-Mar,6,50,8.3,47.20%,19%
Canaccord_188,ESTC,2-Mar,6,46,7.7,46.70%,29%
Canaccord_188,AVLR,16-Feb,6,17,2.6,41.90%,31%
Canaccord_188,SNOW,2-Mar,5,37,7.4,25.00%,38%
Canaccord_188,FIVN,22-Feb,5,94,17.1,6.90%,49%
Canaccord_188,UPLD,10-Mar,5,-1,-0.2,18.70%,24%
Canaccord_188,BILL,10-Feb,4,-11,-2.8,58.00%,18%
Canaccord_188,ONTF,16-Mar,3,37,12.3,39.40%,35%
Canaccord_188,DT,2-Feb,3,42,14,3.50%,19%
Phil_C,ZM,9-Mar,7,165,23.6,13.90%,70%
Phil_C,EVBG,22-Feb,7,129,18.4,43.80%,64%
Phil_C,NOW,26-Jan,7,141,20.1,4.00%,61%
Phil_C,HUBS,15-Feb,7,139,19.9,13.20%,67%
Phil_C,PYPL,2-Feb,7,41,5.9,4.80%,49%
Phil_C,SHOP,16-Feb,7,132,18.9,34.90%,63%
Phil_C,TEAM,20-Jan,7,185,26.4,7.30%,73%
Phil_C,TTD,17-Feb,7,131,18.7,16.00%,63%
Phil_C,DOCU,17-Mar,7,78,11.1,15.60%,41%
Phil_C,MDB,16-Mar,7,184,26.3,22.10%,77%
Phil_C,DDOG,17-Feb,7,152,21.7,24.50%,67%
Phil_C,FB,2-Feb,7,59,8.4,11.30%,51%
Phil_C,INTC,26-Jan,7,85,12.1,9.20%,61%
Phil_C,AMZN,3-Feb,7,121,17.4,22.20%,57%
Phil_C,MSFT,27-Jan,7,226,32.3,3.50%,77%
Phil_C,PEGA,24-Feb,7,5,0.7,40.00%,37%
Phil_C,ADSK,3-Mar,7,133,19,2.70%,58%
Phil_C,TWLO,15-Feb,6,152,25.3,32.10%,74%
Phil_C,TSLA,2-Feb,6,141,21.7,22.50%,69%
Phil_C,AVLR,16-Feb,6,172,26.5,52.60%,76%
Phil_C,FROG,10-Feb,5,-64,-12.8,43.80%,12%
Phil_C,NVDA,17-Feb,5,-2,-0.4,18.80%,25%
Phil_C,OKTA,10-Mar,5,72,14.4,45.70%,57%
Phil_C,CRWD,24-Mar,5,46,9.2,32.30%,44%
Phil_C,SNOW,2-Mar,5,136,27.2,20.00%,66%
Phil_C,NFLX,18-Jan,5,52,10.4,9.70%,55%
Phil_C,BABA,2-Feb,5,-4,-0.8,12.30%,39%
Phil_C,PAYC,8-Feb,4,-62,-15.5,15.60%,13%
Phil_C,ADBE,16-Dec,4,-6,-1.5,5.20%,16%
Phil_C,PLTR,15-Feb,4,54,13.5,22.60%,66%
Canaccord_166,QRVO,2-Feb,11,-179,-16.3,19.80%,5%
Canaccord_166,QCOM,2-Feb,11,70,6.4,7.20%,48%
Canaccord_166,SWIR,22-Feb,11,22,2,30.30%,49%
Canaccord_166,CAMP,21-Dec,11,74,6.7,30.30%,45%
Canaccord_166,SWKS,27-Jan,11,-131,-11.9,15.10%,7%
Canaccord_166,BB,16-Dec,11,102,9.3,37.60%,59%
Canaccord_166,CEVA,2-Feb,11,141,12.8,26.00%,43%
Canaccord_166,AAPL,1-Feb,10,161,15.3,8.40%,62%
Canaccord_166,DGII,3-Feb,9,21,2.2,10.60%,28%
Canaccord_166,NOK,3-Feb,9,39,4.1,29.80%,27%
Canaccord_166,MIXT,3-Feb,7,121,16.1,17.80%,63%
Canaccord_166,OKTA,10-Mar,6,-59,-9.8,53.20%,18%
Canaccord_166,EVBG,22-Feb,6,63,10.5,40.60%,38%
Canaccord_166,TWLO,15-Feb,6,-51,-8.5,50.70%,23%
Canaccord_166,SAIL,24-Feb,6,-34,-5.7,54.80%,30%
Canaccord_166,BAND,24-Feb,6,48,8,46.60%,50%
Canaccord_166,ERIC,25-Jan,5,79,14.4,20.90%,69%
Canaccord_166,ZS,24-Feb,4,-31,-7.8,20.10%,25%
Canaccord_166,CRWD,24-Mar,4,-38,-9.5,23.90%,35%
Canaccord_166,AVGO,9-Dec,3,-134,-44.7,12.80%,0%
Canaccord_166,TENB,8-Feb,1,-11,-11,44.50%,11%
Needham_26,PRO,8-Feb,24,77,3.2,20.80%,27%
Needham_26,VEEV,1-Mar,24,-215,-9,10.20%,16%
Needham_26,TYL,16-Feb,24,52,2.2,3.90%,35%
Needham_26,SPSC,8-Feb,24,-40,-1.7,10.60%,27%
Needham_26,WDAY,28-Feb,22,-84,-3.7,18.90%,24%
Needham_26,PCTY,3-Feb,21,38,1.8,19.20%,29%
Needham_26,CRM,1-Mar,20,-101,-5.1,11.40%,29%
Needham_26,FIVN,22-Feb,20,-65,-3.3,28.40%,17%
Needham_26,HSTM,22-Feb,16,77,4.8,19.70%,43%
Needham_26,HUBS,15-Feb,15,-84,-5.6,30.50%,19%
Needham_26,AXON,1-Mar,14,137,9.8,26.30%,43%
Needham_26,ZUO,24-Mar,13,153,11.8,28.40%,45%
Needham_26,ECOM,16-Feb,10,74,7.4,31.10%,56%
Needham_26,PLAN,2-Mar,9,31,3.4,31.30%,31%
Needham_26,SMAR,22-Mar,8,-25,-3.1,42.90%,11%
Needham_26,EVBG,22-Feb,7,41,5.9,44.50%,36%
Needham_26,AVLR,16-Feb,7,-6,-0.9,46.20%,32%
Needham_26,CDAY,9-Feb,6,-14,-2.3,31.40%,35%
Needham_26,DOCU,17-Mar,5,-54,-10.8,20.10%,23%
Needham_26,UPLD,10-Mar,5,25,5,11.10%,48%
Needham_26,BILL,10-Feb,4,30,7.5,39.50%,45%
Needham_26,ONTF,16-Mar,3,1,0.3,47.90%,17%
Needham_26,SPT,2-Mar,2,-6,-3,51.80%,11%
Needham_26,GLBE,3-Mar,1,-18,-18,53.10%,20%
Suntrust_93,HUBS,15-Feb,5,12,2.4,17.10%,39%
Suntrust_93,FIVN,22-Feb,5,-25,-5,22.80%,21%
Suntrust_93,MIME,14-Feb,5,-46,-9.2,14.20%,31%
Suntrust_93,BL,17-Feb,5,-11,-2.2,34.30%,25%
Suntrust_93,EVBG,22-Feb,5,50,10,38.30%,45%
Suntrust_93,SWI,9-Feb,5,7,1.4,11.10%,39%
Suntrust_93,MODN,8-Feb,5,-12,-2.4,35.10%,41%
Suntrust_93,WK,24-Feb,5,31,6.2,43.90%,31%
Suntrust_93,PLAN,2-Mar,4,-17,-4.3,39.80%,27%
Suntrust_93,SMAR,22-Mar,4,26,6.5,50.30%,18%
Suntrust_93,RNG,14-Feb,4,-20,-4.4,7.10%,29%
Suntrust_93,SHOP,16-Feb,3,53,17.7,20.80%,60%
Suntrust_93,COUP,14-Mar,3,-8,-2.7,35.80%,22%
Suntrust_93,MANH,1-Feb,2,9,3.6,6.10%,10%
Suntrust_93,CRM,1-Mar,2,-21,-8.4,2.00%,40%
Suntrust_93,QTWO,16-Feb,2,5,2,1.80%,39%
Suntrust_93,PCTY,3-Feb,2,2,0.8,2.30%,53%
Suntrust_93,UPLD,10-Mar,2,-8,-3.2,3.90%,26%
Suntrust_93,APPN,24-Feb,2,-20,-10,6.70%,10%
Suntrust_93,XM,8-Mar,0,-4,-8,5.00%,17%
Oppenheimer_17,GPRO,3-Feb,26,174,6.7,23.60%,53%
Oppenheimer_17,SYNA,10-Feb,22,-21,-1,10.70%,37%
Oppenheimer_17,AAPL,1-Feb,19,71,3.6,8.10%,44%
Oppenheimer_17,EA,1-Feb,16,-135,-8.4,24.30%,24%
Oppenheimer_17,GLW,1-Feb,15,62,4,5.50%,34%
Oppenheimer_17,AMBA,3-Mar,13,57,4.4,25.70%,35%
Oppenheimer_17,GRMN,23-Feb,12,62,5.2,8.60%,37%
Oppenheimer_17,CEVA,2-Feb,9,73,7.7,43.20%,52%
Oppenheimer_17,AXON,1-Mar,9,-12,-1.3,52.50%,29%
Oppenheimer_17,WATT,10-Mar,9,47,5.2,42.50%,48%
Oppenheimer_17,TTWO,9-Feb,8,-67,-8.4,37.70%,22%
Oppenheimer_17,WOLF,25-Jan,7,7,1,14.70%,23%
Oppenheimer_17,ATVI,10-Feb,7,-94,-12.5,25.30%,19%
Oppenheimer_17,BB,16-Dec,6,52,8.7,53.40%,60%
Oppenheimer_17,OLED,24-Feb,5,64,11.6,36.50%,43%
Oppenheimer_17,TYL,16-Feb,4,-47,-10.4,10.90%,23%
Oppenheimer_17,ZNGA,9-Feb,3,-100,-28.6,96.10%,1%
Oppenheimer_17,HIMX,17-Feb,3,46,13.1,33.10%,58%
Oppenheimer_17,EVBG,22-Feb,3,-14,-4,4.90%,23%
Analyst_8459950,NFLX,18-Jan,4,80,20,5.50%,66%
Analyst_8459950,EVBG,22-Feb,4,53,13.3,45.40%,63%
Analyst_8459950,FTCH,3-Mar,1,7,7,19.20%,25%
Suntrust_60,MIME,14-Feb,11,-118,-10.7,19.50%,13%
Suntrust_60,SHOP,16-Feb,9,-68,-7.2,26.10%,23%
Suntrust_60,HUBS,15-Feb,9,-11,-1.2,13.40%,18%
Suntrust_60,RNG,14-Feb,9,70,7.4,4.90%,35%
Suntrust_60,WK,24-Feb,9,-12,-1.3,24.10%,15%
Suntrust_60,FIVN,22-Feb,8,5,0.6,12.40%,22%
Suntrust_60,COUP,14-Mar,8,27,3.2,23.30%,23%
Suntrust_60,PCTY,3-Feb,8,65,7.6,2.30%,42%
Suntrust_60,MANH,1-Feb,7,84,11.2,3.60%,38%
Suntrust_60,CRM,1-Mar,7,-34,-4.5,2.60%,28%
Suntrust_60,QTWO,16-Feb,7,24,3.2,1.70%,52%
Suntrust_60,PLAN,2-Mar,6,31,5.2,32.30%,37%
Suntrust_60,MODN,8-Feb,5,-93,-18.6,31.50%,8%
Suntrust_60,SWI,9-Feb,4,2,0.4,8.40%,24%
Suntrust_60,SMAR,22-Mar,4,28,6.2,34.10%,31%
Suntrust_60,EVBG,22-Feb,4,-12,-3,51.60%,23%
Suntrust_60,BL,17-Feb,4,42,10.5,35.50%,47%
Suntrust_60,OKTA,10-Mar,3,6,2,7.20%,28%
Analyst_5300562,FB,2-Feb,13,263,20.2,7.00%,64%
Analyst_5300562,MU,20-Dec,12,227,18.9,5.60%,63%
Analyst_5300562,BABA,2-Feb,12,246,20.5,7.30%,67%
Analyst_5300562,ROKU,24-Feb,11,206,18.7,29.70%,64%
Analyst_5300562,BYND,3-Mar,10,71,7.1,45.20%,57%
Analyst_5300562,GOOGL,2-Feb,10,209,20.9,11.90%,61%
Analyst_5300562,AMZN,3-Feb,7,154,22,18.80%,63%
Analyst_5300562,DDOG,17-Feb,5,146,29.2,8.60%,72%
Analyst_5300562,FROG,10-Feb,4,46,11.5,38.30%,42%
Analyst_5300562,CPRI,9-Feb,4,-16,-4,12.90%,29%
Analyst_5300562,BRK-B,21-Feb,4,0,0,7.30%,52%
Analyst_5300562,MNKD,1-Mar,4,-15,-3.8,58.30%,39%
Analyst_5300562,GRUB,10-Dec,4,-137,-34.3,39.00%,0%
Analyst_5300562,FSLY,24-Feb,4,-31,-7.8,32.60%,44%
Analyst_5300562,UAA,15-Feb,4,25,6.3,21.90%,44%
Analyst_5300562,AYX,23-Feb,3,95,31.7,16.40%,78%
Analyst_5300562,NET,17-Feb,3,45,15,43.60%,57%
Analyst_5300562,TDOC,2-Mar,3,60,20,37.00%,51%
Analyst_5300562,TEAM,20-Jan,3,57,19,9.00%,63%
Analyst_5300562,CRWD,24-Mar,2,37,18.5,19.10%,54%
Analyst_5300562,CYBR,10-Feb,1,7,7,25.30%,17%
Analyst_5300562,PANW,1-Mar,1,18,18,10.00%,49%
Analyst_5300562,VSAT,10-Feb,1,6,6,39.20%,62%
Analyst_5300562,ULTA,10-Mar,1,21,21,6.70%,63%
Analyst_5300562,ANET,17-Feb,1,34,34,0.80%,75%
Analyst_7749299,FROG,10-Feb,1,6,6,51.20%,36%
Needham_33,TDC,10-Feb,16,146,8.8,11.70%,45%
Needham_33,NTNX,3-Mar,13,-28,-2.1,30.10%,21%
Needham_33,MDB,16-Mar,13,228,17.5,26.20%,46%
Needham_33,ORCL,9-Dec,12,149,12.4,2.80%,54%
Needham_33,SPLK,3-Mar,11,37,3.2,27.50%,31%
Needham_33,NEWR,8-Feb,8,87,10.2,46.50%,44%
Needham_33,CVLT,26-Jan,7,66,9.4,15.40%,52%
Needham_33,DT,2-Feb,7,39,5.6,12.20%,25%
Needham_33,AYX,23-Feb,7,58,7.7,71.60%,41%
Needham_33,NOW,26-Jan,6,62,9.7,11.30%,27%
Needham_33,TEAM,20-Jan,6,79,13.2,14.40%,36%
Needham_33,FROG,10-Feb,5,89,17.8,25.80%,66%
Needham_33,PEGA,24-Feb,5,53,10.6,39.80%,48%
Needham_33,DDOG,17-Feb,4,41,9.1,68.20%,24%
Needham_33,RAMP,8-Feb,4,29,7.3,80.00%,17%
Needham_33,SNOW,2-Mar,3,33,11,28.40%,47%
Needham_33,DOMO,16-Mar,2,39,19.5,29.90%,31%
Needham_33,APPN,24-Feb,2,9,4.5,59.70%,27%
Needham_33,AAIC,8-Feb,1,-50,-50,100.00%,2%
Analyst_9374239,TPR,10-Feb,9,45,5,3.80%,46%
Analyst_9374239,GES,23-Mar,9,152,16.9,15.10%,67%
Analyst_9374239,NFLX,18-Jan,9,67,7.4,9.60%,61%
Analyst_9374239,RH,29-Mar,8,47,5.9,9.60%,35%
Analyst_9374239,ROK,26-Jan,7,76,10.9,6.20%,64%
Analyst_9374239,EW,3-Feb,7,18,2.6,7.20%,29%
Analyst_9374239,BKNG,2-Mar,6,-61,-10.2,26.60%,26%
Analyst_9374239,BYD,15-Feb,6,10,1.7,14.20%,35%
Analyst_9374239,SAIC,31-Mar,5,32,6.4,8.50%,41%
Analyst_9374239,AIZ,8-Feb,5,66,13.2,8.50%,58%
Analyst_9374239,LULU,9-Dec,5,119,23.8,3.20%,71%
Analyst_9374239,SMG,2-Feb,5,17,3.4,9.10%,35%
Analyst_9374239,SRCL,24-Feb,5,88,17.6,3.50%,71%
Analyst_9374239,MSGS,4-Feb,5,-4,-0.8,17.40%,34%
Analyst_9374239,AMKR,14-Feb,4,70,17.5,30.20%,39%
Analyst_9374239,SWKS,27-Jan,4,85,21.3,1.20%,60%
Analyst_9374239,MELI,24-Feb,4,43,10.8,12.80%,34%
Analyst_9374239,DIS,8-Feb,4,56,14,16.10%,58%
Analyst_9374239,ALV,28-Jan,4,18,4.5,8.00%,47%
Analyst_9374239,TWTR,10-Feb,4,41,10.3,27.70%,60%
Analyst_9374239,CAG,6-Jan,4,72,18,5.70%,69%
Analyst_9374239,JJSF,24-Jan,4,-17,-4.3,11.40%,19%
Analyst_9374239,MTW,10-Feb,4,24,6,29.90%,57%
Analyst_9374239,LYB,4-Feb,4,15,3.8,13.40%,30%
Analyst_9374239,VIAC,17-Feb,4,-22,-5.5,9.50%,30%
Analyst_9374239,AMZN,3-Feb,4,16,4,25.00%,43%
Analyst_9374239,UNP,27-Jan,4,56,14,2.60%,58%
Analyst_9374239,A,15-Feb,3,6,2,6.10%,17%
Analyst_9374239,TAP,24-Feb,3,47,15.7,14.00%,57%
Analyst_9374239,PPG,20-Jan,3,33,11,2.80%,57%
Analyst_8282636,FROG,10-Feb,1,15,15,50.30%,64%
lernout,IONS,1-Mar,6,69,11.5,33.10%,60%
lernout,EXEL,28-Feb,5,38,7.6,21.40%,56%
lernout,T,26-Jan,3,77,25.7,3.40%,66%
lernout,CNC,8-Feb,3,42,14,5.20%,55%
lernout,REGN,10-Feb,3,59,19.7,15.30%,66%
lernout,MRK,3-Feb,2,-22,-11,18.10%,13%
lernout,OTEX,3-Feb,2,-5,-2.5,5.70%,20%
lernout,BMY,4-Feb,2,1,0.5,2.80%,55%
lernout,IRBT,9-Feb,2,32,16,26.40%,69%
lernout,ZD,10-Feb,2,-20,-10,8.80%,16%
lernout,AYX,23-Feb,2,19,9.5,28.80%,55%
lernout,FROG,10-Feb,1,13,13,50.40%,62%
lernout,JD,3-Mar,1,43,43,3.70%,63%
lernout,BABA,2-Feb,1,21,21,10.30%,75%
lernout,AMGN,3-Feb,1,-10,-10,6.00%,24%
lernout,MCK,3-Feb,1,19,19,12.80%,52%
lernout,PFE,1-Feb,1,28,28,7.70%,78%
lernout,QDEL,16-Feb,1,-3,-3,34.00%,70%
lernout,CIEN,9-Dec,1,-5,-5,13.20%,54%
lernout,CTXS,26-Jan,1,28,28,3.30%,83%
lernout,OLLI,6-Apr,1,9,9,28.50%,76%
lernout,BERY,4-Feb,1,25,25,2.90%,71%
Analyst_9372808,SAM,23-Feb,2,-19,-9.5,41.90%,29%
Analyst_9372808,SNBR,16-Feb,2,33,16.5,18.50%,80%
Analyst_9372808,BABA,2-Feb,2,5,2.5,28.50%,51%
Analyst_9372808,AMD,1-Feb,2,22,11,8.00%,54%
Analyst_9372808,FISV,9-Feb,2,13,6.5,3.20%,51%
Analyst_9372808,NLS,21-Feb,2,29,14.5,35.40%,67%
Analyst_9372808,ICFI,1-Mar,1,29,29,4.70%,87%
Analyst_9372808,VRTX,2-Feb,1,25,25,8.30%,63%
Analyst_9372808,CALX,8-Feb,1,7,7,15.60%,51%
Analyst_9372808,ZBRA,24-Feb,1,29,29,3.10%,74%
Analyst_9372808,FROG,10-Feb,1,-14,-14,51.40%,21%
Analyst_9372808,MU,20-Dec,1,24,24,0.40%,70%
Analyst_9372808,AZTA,2-Feb,1,38,38,2.20%,68%
Analyst_9372808,FTV,10-Feb,1,23,23,2.60%,43%
Analyst_9372808,ADSK,3-Mar,1,17,17,1.80%,65%
Analyst_9372808,NOW,26-Jan,1,25,25,4.70%,68%
Analyst_9372808,RKT,24-Feb,1,-6,-6,21.80%,54%
Analyst_9372808,ATEN,10-Feb,1,28,28,4.00%,94%
Analyst_9372808,TWLO,15-Feb,1,10,10,30.90%,72%
Analyst_9372808,MIME,14-Feb,1,7,7,5.80%,53%
Analyst_9372808,PEN,1-Mar,1,28,28,5.70%,59%
Analyst_9372808,RVLV,1-Mar,1,22,22,24.30%,67%
Analyst_9372808,HAS,7-Feb,1,19,19,30.30%,54%
Analyst_9372808,CRWD,24-Mar,1,38,38,9.20%,71%
Analyst_9372808,ULTA,10-Mar,1,-9,-9,20.70%,20%
Analyst_9372808,BKNG,2-Mar,1,-5,-5,17.80%,45%
Analyst_9372808,PTON,9-Feb,1,-4,-4,17.40%,61%
Analyst_8540090,FROG,10-Feb,1,-10,-10,50.30%,35%
Calvin_S,TSLA,2-Feb,4,30,7.5,23.10%,58%
Calvin_S,CRM,1-Mar,3,39,13,22.40%,42%
Calvin_S,BABA,2-Feb,3,90,30,4.60%,73%
Calvin_S,GOOGL,2-Feb,3,68,22.7,11.30%,79%
Calvin_S,DIS,8-Feb,3,19,6.3,52.10%,55%
Calvin_S,MSFT,27-Jan,3,60,20,6.90%,58%
Calvin_S,BA,26-Jan,3,-10,-3.3,41.90%,67%
Calvin_S,QCOM,2-Feb,3,29,9.7,8.60%,43%
Calvin_S,MELI,24-Feb,3,48,16,48.80%,64%
Calvin_S,FB,2-Feb,3,69,23,12.10%,68%
Calvin_S,LRCX,26-Jan,3,87,29,5.00%,69%
Calvin_S,AMAT,16-Feb,3,60,20,4.70%,51%
Calvin_S,TXN,26-Jan,3,55,18.3,13.40%,48%
Calvin_S,V,3-Feb,3,21,7,3.30%,64%
Calvin_S,CSCO,16-Feb,3,74,24.7,1.10%,68%
Calvin_S,W,24-Feb,3,13,4.3,30.70%,51%
Calvin_S,AXP,20-Jan,3,27,9,14.60%,67%
Calvin_S,MCD,24-Jan,3,25,8.3,7.00%,61%
Calvin_S,DXCM,23-Feb,3,48,16,12.10%,73%
Calvin_S,FFIV,26-Jan,3,75,25,1.40%,69%
Calvin_S,CMG,8-Feb,3,69,23,7.60%,70%
Calvin_S,EBAY,2-Feb,3,43,14.3,3.80%,63%
Calvin_S,INTC,26-Jan,3,6,2,9.40%,59%
Calvin_S,NVAX,28-Feb,3,18,6,46.50%,56%
Calvin_S,AMZN,3-Feb,3,64,21.3,27.60%,61%
Calvin_S,VEEV,1-Mar,3,87,29,3.10%,73%
Calvin_S,BIDU,24-Feb,3,46,15.3,11.50%,69%
Calvin_S,PFE,1-Feb,3,45,15,8.30%,64%
Calvin_S,RNG,14-Feb,3,93,31,3.00%,79%
Calvin_S,NOW,26-Jan,3,75,25,4.50%,65%
Analyst_5039344,NVDA,17-Feb,16,315,19.7,9.30%,66%
Analyst_5039344,NFLX,18-Jan,15,167,11.1,8.60%,61%
Analyst_5039344,AMZN,3-Feb,15,298,19.9,15.70%,64%
Analyst_5039344,DIS,8-Feb,15,179,11.9,18.10%,58%
Analyst_5039344,CRM,1-Mar,15,367,24.5,8.40%,69%
Analyst_5039344,AAPL,1-Feb,14,315,22.5,5.10%,68%
Analyst_5039344,LULU,9-Dec,13,337,25,6.40%,69%
Analyst_5039344,MSFT,27-Jan,13,325,25,4.00%,71%
Analyst_5039344,GOOGL,2-Feb,13,172,13.2,9.20%,58%
Analyst_5039344,ADBE,16-Dec,13,322,24.8,2.00%,64%
Analyst_5039344,ROKU,24-Feb,12,211,17.6,32.70%,60%
Analyst_5039344,SHOP,16-Feb,12,302,25.2,26.40%,70%
Analyst_5039344,TWLO,15-Feb,11,214,19.5,38.90%,55%
Analyst_5039344,TGT,8-Mar,10,55,5.5,8.00%,48%
Analyst_5039344,ZM,9-Mar,10,243,24.3,20.70%,64%
Analyst_5039344,SPLK,3-Mar,10,74,7.4,26.20%,49%
Analyst_5039344,MU,20-Dec,10,257,25.7,4.40%,66%
Analyst_5039344,OKTA,10-Mar,10,274,27.4,24.30%,72%
Analyst_5039344,WDAY,28-Feb,10,293,29.3,6.20%,71%
Analyst_5039344,RNG,14-Feb,9,185,20.6,5.60%,58%
Analyst_5039344,TTD,17-Feb,9,145,16.1,17.70%,55%
Analyst_5039344,TEAM,20-Jan,9,247,27.4,4.00%,72%
Analyst_5039344,PTON,9-Feb,8,171,21.4,29.70%,66%
Analyst_5039344,COUP,14-Mar,8,215,26.9,23.40%,70%
Analyst_5039344,SBUX,27-Jan,8,108,13.5,5.10%,58%
Analyst_5039344,BABA,2-Feb,8,107,13.4,8.00%,59%
Analyst_5039344,NKE,20-Dec,8,72,9,18.10%,48%
Analyst_5039344,COST,9-Dec,8,117,14.6,4.70%,51%
Analyst_5039344,AYX,23-Feb,8,180,22.5,36.20%,74%
Analyst_5039344,NOW,26-Jan,7,172,24.6,3.20%,64%
Buck_355861,RJF,26-Jan,25,82,3.3,9.90%,47%
Buck_355861,MS,20-Jan,25,13,0.5,16.60%,25%
Buck_355861,WFC,14-Jan,21,62,3,11.10%,48%
Buck_355861,NTRS,26-Jan,21,105,5,5.00%,45%
Buck_355861,STT,26-Jan,21,11,0.5,5.90%,32%
Buck_355861,BK,18-Jan,21,114,5.4,4.00%,51%
Buck_355861,GS,18-Jan,21,13,0.6,17.60%,29%
Buck_355861,JPM,14-Jan,21,386,18.4,7.10%,70%
Buck_355861,BAC,18-Jan,21,88,4.2,12.60%,35%
Buck_355861,C,14-Jan,20,122,6.1,8.70%,39%
Buck_355861,MC,9-Feb,19,55,2.9,20.10%,33%
Buck_355861,LAZ,3-Feb,15,18,1.2,16.90%,29%
Buck_355861,PIPR,4-Feb,9,42,4.7,27.10%,54%
Buck_355861,COWN,17-Feb,7,-76,-10.9,54.00%,18%
Buck_355861,EVR,2-Feb,7,72,10.3,18.90%,71%
Buck_355861,GHL,27-Jan,7,18,2.6,48.80%,38%
Buck_355861,HLI,1-Feb,5,67,13.4,21.10%,76%
Analyst_2453690,NVDA,17-Feb,19,261,13.4,14.00%,47%
Analyst_2453690,VZ,25-Jan,8,138,17.3,1.00%,67%
Analyst_2453690,STZ,6-Jan,7,82,11.7,5.90%,50%
Analyst_2453690,V,3-Feb,7,131,17.5,2.30%,60%
Analyst_2453690,CYBR,10-Feb,6,134,22.3,10.80%,57%
Analyst_2453690,TER,26-Jan,6,183,30.5,3.80%,72%
Analyst_2453690,C,14-Jan,6,97,16.2,2.10%,58%
Analyst_2453690,BX,27-Jan,6,69,11.5,14.50%,56%
Analyst_2453690,CQP,1-Mar,6,68,11.3,36.90%,64%
Analyst_2453690,CRWD,24-Mar,5,154,30.8,13.30%,72%
Analyst_2453690,PLTR,15-Feb,3,87,29,12.70%,86%
Analyst_2453690,QCOM,2-Feb,3,77,25.7,4.60%,69%
Analyst_2453690,AMGN,3-Feb,3,43,14.3,4.80%,66%
Analyst_2453690,CELH,10-Mar,3,40,13.3,40.40%,71%
Analyst_2453690,PSTG,3-Mar,2,29,14.5,17.70%,49%
Analyst_2453690,MPC,2-Feb,2,12,6,29.70%,71%
Analyst_2453690,APPS,8-Feb,2,19,9.5,7.60%,46%
Analyst_2453690,AMAT,16-Feb,2,63,31.5,1.90%,68%
Analyst_2453690,NEWR,8-Feb,1,31,31,3.80%,66%
Analyst_2453690,MU,20-Dec,1,29,29,4.20%,62%
Analyst_2453690,SWKS,27-Jan,1,-2,-2,0.90%,68%
Analyst_2453690,SSNC,16-Feb,1,24,24,0.40%,72%
Analyst_2453690,ORCL,9-Dec,1,19,19,6.70%,52%
Analyst_2453690,SPLK,3-Mar,1,18,18,52.30%,48%
Analyst_2453690,COWN,17-Feb,1,20,20,13.00%,87%
Analyst_2453690,LITE,8-Feb,1,22,22,13.70%,72%
Analyst_2453690,TWLO,15-Feb,1,24,24,18.40%,60%
Analyst_2453690,CORT,24-Feb,1,6,6,12.30%,57%
Analyst_2453690,ERIC,25-Jan,1,-13,-13,34.10%,13%
Analyst_2453690,LPX,15-Feb,1,23,23,4.20%,43%
Analyst_8268390,PIPR,4-Feb,8,10,1.3,27.20%,32%
Analyst_8268390,COWN,17-Feb,6,-42,-7,53.10%,29%
TheRod,X,2-Feb,10,227,22.7,21.10%,66%
TheRod,SHOP,16-Feb,9,133,14.8,31.60%,57%
TheRod,MSFT,27-Jan,9,270,30,3.40%,74%
TheRod,TTD,17-Feb,9,98,10.9,19.50%,53%
TheRod,WFC,14-Jan,9,31,3.4,3.30%,42%
TheRod,ENPH,1-Mar,8,239,29.9,4.80%,71%
TheRod,PAYC,8-Feb,8,145,18.1,5.60%,57%
TheRod,AAPL,1-Feb,8,167,20.9,8.20%,70%
TheRod,DAL,18-Jan,8,-57,-7.1,7.00%,15%
TheRod,CNC,8-Feb,6,49,8.2,10.80%,44%
TheRod,LUV,27-Jan,5,-78,-15.6,3.90%,17%
TheRod,GNRC,15-Feb,4,61,15.3,5.50%,59%
TheRod,ALGN,3-Feb,4,81,20.3,7.20%,64%
TheRod,SQ,2-Mar,4,73,18.3,14.10%,56%
TheRod,ROKU,24-Feb,4,57,14.3,26.30%,60%
TheRod,MA,3-Feb,4,53,13.3,3.60%,59%
TheRod,RNG,14-Feb,4,76,19,8.90%,61%
TheRod,ADBE,16-Dec,3,106,35.3,0.70%,78%
TheRod,MANH,1-Feb,3,67,22.3,8.60%,75%
TheRod,URI,26-Jan,3,39,13,4.30%,53%
TheRod,JPM,14-Jan,3,30,10,10.60%,48%
TheRod,HD,22-Feb,3,37,12.3,5.40%,49%
TheRod,GOOGL,2-Feb,3,88,29.3,10.40%,72%
TheRod,PYPL,2-Feb,3,15,5,4.40%,42%
TheRod,BX,27-Jan,3,56,18.7,12.00%,69%
TheRod,COWN,17-Feb,2,1,0.5,31.30%,47%
TheRod,CRM,1-Mar,2,47,23.5,8.70%,69%
TheRod,TSLA,2-Feb,2,32,16,7.80%,67%
TheRod,SFL,1-Mar,2,22,11,17.00%,69%
TheRod,V,3-Feb,2,-14,-7,4.00%,49%
Josephine,OSK,27-Jan,10,173,17.3,11.10%,69%
Josephine,NVDA,17-Feb,9,147,16.3,11.60%,64%
Josephine,MU,20-Dec,7,153,21.9,4.30%,67%
Josephine,AMZN,3-Feb,5,32,6.4,31.80%,46%
Josephine,FB,2-Feb,5,143,28.6,3.70%,76%
Josephine,ALGN,3-Feb,5,150,30,4.70%,87%
Josephine,ULTA,10-Mar,4,52,13,1.90%,40%
Josephine,SFIX,14-Mar,4,55,13.8,29.80%,47%
Josephine,AVGO,9-Dec,4,100,25,1.40%,67%
Josephine,WW,1-Mar,3,46,15.3,9.50%,66%
Josephine,USB,19-Jan,3,70,23.3,0.60%,71%
Josephine,MSFT,27-Jan,3,80,26.7,3.60%,74%
Josephine,AAPL,1-Feb,3,88,29.3,2.10%,73%
Josephine,HD,22-Feb,2,13,6.5,3.00%,47%
Josephine,BAC,18-Jan,2,10,5,6.40%,51%
Josephine,TSLA,2-Feb,2,11,5.5,37.70%,49%
Josephine,AMAT,16-Feb,2,41,20.5,1.40%,61%
Josephine,LULU,9-Dec,2,38,19,2.30%,61%
Josephine,TWTR,10-Feb,2,17,8.5,15.80%,44%
Josephine,TWLO,15-Feb,2,2,1,48.10%,23%
Josephine,NFLX,18-Jan,2,19,9.5,5.70%,61%
Josephine,LMT,1-Feb,2,20,10,5.20%,38%
Josephine,CPRT,22-Feb,2,35,17.5,1.90%,70%
Josephine,WDC,27-Jan,2,70,35,2.70%,67%
Josephine,ABMD,3-Feb,2,11,5.5,7.30%,39%
Josephine,STZ,6-Jan,2,28,14,4.90%,58%
Josephine,WSM,16-Mar,2,18,9,8.20%,59%
Josephine,F,27-Jan,2,41,20.5,30.20%,70%
Josephine,IDXX,3-Feb,2,40,20,3.60%,56%
Josephine,BOOM,10-Mar,2,34,17,9.70%,72%
Analyst_7236391,GOOS,11-Feb,3,-53,-17.7,59.50%,7%
Analyst_7236391,COWN,17-Feb,1,-8,-8,43.60%,35%
VPJS,MU,20-Dec,15,327,21.8,3.80%,67%
VPJS,AMAT,16-Feb,15,412,27.5,2.10%,67%
VPJS,FN,7-Feb,15,369,24.6,3.00%,68%
VPJS,ASML,19-Jan,14,161,11.5,9.80%,50%
VPJS,MSFT,27-Jan,14,308,22,4.70%,64%
VPJS,GLW,1-Feb,14,225,16.1,3.50%,59%
VPJS,LRCX,26-Jan,14,332,23.7,3.00%,63%
VPJS,FB,2-Feb,14,259,18.5,6.50%,62%
VPJS,MASI,22-Feb,14,379,27.1,3.40%,65%
VPJS,SWKS,27-Jan,14,198,14.1,5.10%,57%
VPJS,FFIV,26-Jan,14,267,19.1,2.30%,56%
VPJS,NXPI,2-Feb,14,182,13,5.30%,52%
VPJS,CTSH,9-Feb,13,229,17.6,3.30%,63%
VPJS,INFY,12-Jan,13,100,7.7,3.10%,50%
VPJS,CRUS,2-Feb,13,224,17.2,15.10%,66%
VPJS,PAYX,22-Dec,12,79,6.3,3.00%,39%
VPJS,COHR,9-Feb,11,261,23.7,4.20%,68%
VPJS,LEA,27-Jan,10,122,12.2,4.30%,57%
VPJS,ICHR,9-Feb,10,117,11.7,4.30%,64%
VPJS,IDCC,24-Feb,9,116,12.9,37.90%,53%
VPJS,RHI,1-Feb,9,80,8.9,3.90%,60%
VPJS,GILD,8-Feb,8,-5,-0.6,9.00%,48%
VPJS,NOW,26-Jan,8,165,20.6,5.80%,68%
VPJS,GOOGL,2-Feb,8,59,6.9,7.70%,44%
VPJS,SLCA,22-Feb,7,54,7.7,28.90%,68%
VPJS,KEYS,17-Feb,6,164,27.3,3.20%,65%
VPJS,ANIK,23-Feb,6,-32,-5.3,28.60%,27%
VPJS,TXN,26-Jan,6,63,10.5,3.20%,53%
VPJS,PGEN,28-Feb,6,89,14.8,33.90%,64%
VPJS,IFF,16-Feb,5,-5,-1,2.80%,50%
Needham_34,HOLX,2-Feb,18,7,0.4,10.20%,34%
Needham_34,HRC,28-Jan,17,65,3.8,5.40%,38%
Needham_34,CNMD,26-Jan,17,55,3.2,12.10%,38%
Needham_34,NUVA,24-Feb,17,147,8.6,11.70%,48%
Needham_34,SYK,25-Jan,17,84,4.9,6.90%,44%
Needham_34,RMD,24-Jan,17,298,17.5,5.20%,59%
Needham_34,TFX,24-Feb,17,42,2.5,6.10%,35%
Needham_34,ZBH,1-Feb,17,-31,-1.8,8.70%,41%
Needham_34,BSX,3-Feb,17,168,9.9,10.70%,48%
Needham_34,GMED,23-Feb,17,119,7,12.00%,47%
Needham_34,CSII,9-Feb,17,186,10.9,34.50%,54%
Needham_34,ATRC,22-Feb,17,76,4.5,17.10%,35%
Needham_34,INGN,1-Mar,17,104,6.1,30.70%,53%
Needham_34,MDT,22-Feb,16,14,0.8,7.60%,41%
Needham_34,MMSI,22-Feb,15,178,11.9,14.10%,54%
Needham_34,SRDX,9-Feb,14,178,12.3,34.10%,46%
Needham_34,MASI,22-Feb,13,112,8.6,4.50%,35%
Needham_34,IVC,10-Feb,12,0,0,28.10%,31%
Needham_34,CRY,16-Feb,11,118,10.7,33.30%,51%
Needham_34,HAE,8-Feb,8,-56,-7,15.80%,16%
Needham_34,STE,14-Feb,6,64,10.7,7.90%,51%
Needham_34,NEO,23-Feb,3,-4,-1.3,37.10%,65%
Needham_34,VCYT,1-Mar,3,26,8.7,37.60%,64%
Needham_34,LIVN,2-Mar,3,19,6.3,23.50%,20%
Canaccord_285,PEN,1-Mar,5,-11,-2.2,42.70%,25%
Canaccord_285,BSX,3-Feb,4,-7,-1.8,11.30%,49%
Canaccord_285,EW,3-Feb,4,49,12.3,5.30%,60%
Canaccord_285,ATRC,22-Feb,4,11,2.8,19.80%,34%
Canaccord_285,NVRO,24-Feb,4,34,8.5,17.80%,64%
Canaccord_285,SWAV,17-Feb,4,42,10.5,32.50%,54%
Canaccord_285,MMSI,22-Feb,4,21,5.3,14.80%,37%
Canaccord_285,ANGO,6-Jan,3,61,20.3,43.80%,73%
Canaccord_285,IRTC,16-Feb,1,13,13,19.50%,64%
Oppenheimer_30,DXCM,23-Feb,9,55,5.8,56.30%,30%
Oppenheimer_30,CFMS,9-Feb,9,45,5,30.30%,46%
Oppenheimer_30,IART,24-Feb,9,-11,-1.2,14.70%,33%
Oppenheimer_30,BSX,3-Feb,9,65,7.2,16.30%,49%
Oppenheimer_30,GMED,23-Feb,9,26,2.7,19.70%,30%
Oppenheimer_30,PODD,23-Feb,9,147,15.5,63.80%,60%
Oppenheimer_30,SYK,25-Jan,9,107,11.3,5.20%,45%
Oppenheimer_30,COO,3-Mar,9,124,13.2,10.70%,57%
Oppenheimer_30,ZBH,1-Feb,9,44,4.6,10.70%,49%
Oppenheimer_30,MDT,22-Feb,8,-35,-4.1,16.00%,23%
Oppenheimer_30,TNDM,2-Mar,5,12,2.4,71.50%,30%
Oppenheimer_30,MNKD,1-Mar,4,83,20.8,31.50%,75%
Oppenheimer_30,MMSI,22-Feb,4,19,4.2,37.50%,34%
Oppenheimer_30,BWAY,22-Mar,2,59,29.5,24.30%,73%
Oppenheimer_30,GKOS,2-Mar,1,22,14.7,62.20%,69%
Oppenheimer_30,ANGO,6-Jan,0,-4,-8,100.00%,38%
Oppenheimer_30,ALC,22-Feb,0,-9,-18,9.30%,5%
Kimbo,FB,2-Feb,7,42,6,10.80%,41%
Kimbo,AAPL,1-Feb,6,131,21.8,5.10%,68%
Kimbo,AMD,1-Feb,6,131,21.8,6.40%,58%
Kimbo,TWTR,10-Feb,5,41,8.2,27.70%,52%
Kimbo,INTC,26-Jan,4,57,14.3,10.90%,47%
Kimbo,GOOGL,2-Feb,4,87,21.8,17.20%,55%
Kimbo,TXN,26-Jan,3,72,24,6.80%,62%
Kimbo,PTON,9-Feb,3,20,6.7,27.60%,62%
Kimbo,ABNB,24-Feb,3,-8,-2.7,35.30%,47%
Kimbo,AMG,31-Jan,2,-4,-2,6.40%,41%
Kimbo,RH,29-Mar,2,13,6.5,13.60%,50%
Kimbo,NVDA,17-Feb,2,56,28,4.00%,63%
Kimbo,SE,1-Mar,2,36,18,23.30%,51%
Kimbo,TTD,17-Feb,2,22,11,18.50%,57%
Kimbo,BEN,2-Feb,2,13,6.5,10.40%,58%
Kimbo,MMSI,22-Feb,2,10,5,19.40%,24%
Kimbo,CS,10-Feb,1,-4,-4,50.80%,74%
Kimbo,NFLX,18-Jan,1,-5,-5,7.60%,56%
Kimbo,X,2-Feb,1,-5,-5,8.80%,56%
Kimbo,XOM,1-Feb,1,21,21,3.50%,60%
Kimbo,SLB,21-Jan,1,37,37,1.80%,76%
Kimbo,MS,20-Jan,1,20,20,14.10%,55%
Kimbo,GS,18-Jan,1,19,19,17.20%,51%
Kimbo,IBM,24-Jan,1,8,8,2.60%,62%
Kimbo,V,3-Feb,1,-2,-2,5.90%,20%
Kimbo,KO,9-Feb,1,6,6,11.40%,42%
Suntrust_44,EW,3-Feb,21,277,13.2,6.20%,47%
Suntrust_44,BSX,3-Feb,18,166,9.2,10.10%,51%
Suntrust_44,CFMS,9-Feb,18,117,6.5,18.00%,49%
Suntrust_44,SYK,25-Jan,18,157,8.7,5.60%,51%
Suntrust_44,ZBH,1-Feb,18,287,15.9,6.70%,60%
Suntrust_44,MDT,22-Feb,17,86,5.1,6.10%,37%
Suntrust_44,MDWD,23-Feb,15,41,2.7,47.10%,43%
Suntrust_44,MMSI,22-Feb,15,110,7.3,16.30%,37%
Suntrust_44,ABMD,3-Feb,15,-43,-2.9,17.70%,31%
Suntrust_44,IART,24-Feb,9,54,6,14.70%,33%
Canaccord_283,ANGO,6-Jan,4,36,9,52.50%,48%
Canaccord_283,IRTC,16-Feb,3,12,4,28.80%,57%
Canaccord_283,ATRC,22-Feb,3,34,11.3,29.50%,53%
Canaccord_283,LMAT,23-Feb,3,46,15.3,22.60%,55%
Canaccord_283,PEN,1-Mar,3,6,2,42.00%,35%
Canaccord_283,NVRO,24-Feb,2,35,17.5,19.40%,77%
Canaccord_283,CRY,16-Feb,2,26,13,47.00%,63%
Canaccord_283,ISRG,27-Jan,2,-9,-4.5,17.50%,12%
Canaccord_283,MMSI,22-Feb,2,10,5,24.60%,37%
Canaccord_283,BSX,3-Feb,2,-17,-8.5,23.90%,33%
Canaccord_283,EW,3-Feb,2,4,2,7.50%,47%
Canaccord_164,ISRG,27-Jan,8,148,18.5,10.30%,68%
Canaccord_164,MMSI,22-Feb,8,41,5.1,19.50%,45%
Canaccord_164,CRY,16-Feb,8,100,12.5,30.70%,55%
Canaccord_164,LMAT,23-Feb,8,96,12,12.40%,67%
Canaccord_164,PEN,1-Mar,8,126,15.8,26.40%,69%
Canaccord_164,BSX,3-Feb,8,37,4.6,17.50%,50%
Canaccord_164,EW,3-Feb,8,18,2.3,7.60%,34%
Canaccord_164,ATRC,22-Feb,8,61,7.6,19.30%,46%
Canaccord_164,NVRO,24-Feb,7,-20,-2.7,29.30%,34%
Canaccord_164,ANGO,6-Jan,6,78,13,19.60%,73%
Canaccord_164,IRTC,16-Feb,4,-14,-3.5,35.20%,34%
Needham_12,CTSH,9-Feb,31,9,0.3,3.60%,41%
Needham_12,SSNC,16-Feb,31,316,10.2,3.20%,45%
Needham_12,EPAY,3-Feb,31,17,0.5,6.30%,29%
Needham_12,EXLS,1-Mar,31,33,1.1,5.70%,29%
Needham_12,EPAM,17-Feb,31,44,1.4,3.90%,34%
Needham_12,PRFT,1-Mar,28,54,1.9,5.80%,40%
Needham_12,PYPL,2-Feb,22,-29,-1.4,4.90%,34%
Needham_12,QTWO,16-Feb,21,58,2.7,32.80%,42%
Needham_12,CSGP,22-Feb,21,206,9.8,5.80%,44%
Needham_12,SPNS,1-Mar,20,219,11,6.20%,42%
Needham_12,WNS,20-Jan,20,109,5.5,9.70%,39%
Needham_12,EEFT,8-Feb,14,71,5.1,14.60%,42%
Needham_12,SQ,2-Mar,13,-41,-3.2,38.20%,23%
Needham_12,TREE,24-Feb,12,192,16,19.80%,69%
Needham_12,GDOT,23-Feb,11,19,1.7,19.90%,40%
Needham_12,G,10-Feb,10,3,0.3,8.20%,27%
Needham_12,GWRE,3-Mar,8,19,2.4,32.60%,33%
Needham_12,ACIW,24-Feb,6,74,12.3,16.80%,66%
Needham_12,EVER,28-Feb,3,48,13.7,3.30%,52%
Needham_12,DAVA,17-Feb,2,12,6,6.00%,50%
Saleh_1973,PAYX,22-Dec,2,27,13.5,3.00%,66%
Saleh_1973,FDS,21-Dec,2,10,5,1.80%,63%
Saleh_1973,LNN,6-Jan,2,17,8.5,16.40%,49%
Saleh_1973,KMX,22-Dec,2,38,19,12.40%,86%
Saleh_1973,PEP,10-Feb,1,35,35,1.50%,84%
Saleh_1973,KO,9-Feb,1,20,20,3.50%,50%
Saleh_1973,TOL,22-Feb,1,5,5,12.60%,50%
Saleh_1973,DHI,25-Jan,1,18,18,8.00%,44%
Saleh_1973,CBRL,22-Feb,1,-9,-9,6.50%,39%
Saleh_1973,BBWI,23-Feb,1,24,24,0.00%,66%
Saleh_1973,TJX,2-Mar,1,21,21,11.40%,50%
Saleh_1973,ULTA,10-Mar,1,25,25,16.80%,80%
Saleh_1973,NFLX,18-Jan,1,20,20,14.10%,64%
Saleh_1973,NDAQ,2-Feb,1,27,27,5.80%,83%
Saleh_1973,UNH,18-Jan,1,18,18,8.30%,58%
Saleh_1973,ANGO,6-Jan,1,28,28,50.80%,75%
Saleh_1973,FAST,19-Jan,1,47,47,0.10%,92%
Saleh_1973,KSU,21-Jan,1,43,43,0.40%,87%
Saleh_1973,MRTN,27-Jan,1,23,23,0.50%,79%
Saleh_1973,SCSC,8-Feb,1,31,31,10.50%,89%
Saleh_1973,PLXS,19-Jan,1,-14,-14,9.00%,15%
Saleh_1973,OLLI,6-Apr,1,-11,-11,28.60%,4%
Saleh_1973,CCK,9-Feb,1,25,25,9.80%,86%
Saleh_1973,CMA,19-Jan,1,19,19,20.80%,59%
Saleh_1973,CAG,6-Jan,1,21,21,2.60%,75%
Saleh_1973,CALM,7-Jan,1,21,21,35.20%,60%
Saleh_1973,WDFC,12-Jan,1,-7,-7,10.70%,50%
GHS_44,APD,28-Jan,2,20,10,2.60%,52%
GHS_44,ALB,16-Feb,2,12,6,12.50%,52%
GHS_44,KWR,2-Mar,2,30,15,8.30%,28%
GHS_44,AVNT,1-Feb,2,24,12,3.50%,74%
GHS_44,LIN,17-Feb,2,25,12.5,2.80%,45%
GHS_44,FUL,26-Jan,2,14,7,4.30%,59%
GHS_44,CCMP,27-Jan,2,39,19.5,4.30%,81%
GHS_44,ENTG,8-Feb,2,22,11,4.60%,73%
GHS_44,AXTA,9-Feb,2,5,2.5,7.30%,33%
GHS_44,VVV,9-Feb,2,4,2,8.00%,65%
GHS_44,MTX,3-Feb,2,-38,-19,4.20%,10%
GHS_44,RPM,5-Jan,2,29,14.5,4.30%,73%
GHS_44,HUN,16-Feb,1,7,7,13.60%,63%
GHS_44,KOP,24-Feb,1,28,28,8.00%,84%
GHS_44,ASH,31-Jan,1,37,37,3.70%,86%
GHS_44,SHW,27-Jan,1,20,20,1.10%,72%
GHS_44,SCL,24-Feb,1,2,2,12.10%,48%
GHS_44,FMC,9-Feb,1,-14,-14,7.70%,14%
GHS_44,ECL,22-Feb,1,3,3,3.40%,26%
GHS_44,PPG,20-Jan,1,-8,-8,7.10%,41%
Analyst_4544968,APD,28-Jan,25,218,8.7,2.50%,50%
Analyst_4544968,ALB,16-Feb,25,167,6.7,8.00%,41%
Analyst_4544968,KWR,2-Mar,25,324,13,7.30%,60%
Analyst_4544968,ASH,31-Jan,25,404,16.2,8.10%,62%
Analyst_4544968,FMC,9-Feb,25,227,9.1,6.30%,49%
Analyst_4544968,ECL,22-Feb,25,64,2.6,2.20%,43%
Analyst_4544968,FUL,26-Jan,24,274,11.4,5.40%,54%
Analyst_4544968,AVNT,1-Feb,24,147,6.1,5.20%,52%
Analyst_4544968,RPM,5-Jan,24,167,7,7.00%,55%
Analyst_4544968,PPG,20-Jan,24,84,3.5,4.30%,53%
Analyst_4544968,SCL,24-Feb,24,106,4.4,9.00%,42%
Analyst_4544968,SHW,27-Jan,24,5,0.2,4.70%,44%
Analyst_4544968,AXTA,9-Feb,21,44,2.1,9.60%,36%
Analyst_4544968,VVV,9-Feb,20,265,13.3,6.40%,60%
Analyst_4544968,LIN,17-Feb,18,57,3.2,3.20%,40%
Analyst_4544968,CCMP,27-Jan,17,57,3.4,6.70%,50%
Analyst_4544968,ENTG,8-Feb,16,50,3.1,5.40%,45%
Analyst_4544968,HUN,16-Feb,13,65,5,11.20%,62%
Analyst_4544968,KOP,24-Feb,13,220,16.9,11.20%,59%
Analyst_4544968,MTX,3-Feb,5,16,3.2,5.60%,55%
Bramdehaas,TEVA,10-Feb,4,8,2,13.90%,37%
Bramdehaas,GS,18-Jan,4,36,9,13.50%,44%
Bramdehaas,GE,27-Jan,4,-29,-7.3,30.90%,20%
Bramdehaas,CSX,18-Jan,4,-11,-2.8,9.00%,26%
Bramdehaas,XOM,1-Feb,4,12,3,14.10%,36%
Bramdehaas,GILD,8-Feb,3,24,8,11.90%,44%
Bramdehaas,BGCP,10-Feb,2,-71,-35.5,29.80%,5%
Analyst_4339425,BGCP,10-Feb,1,24,24,0.60%,77%
tlm1tlm,BGCP,10-Feb,14,128,9.1,13.00%,67%
tlm1tlm,HEES,24-Feb,12,106,8.8,19.70%,54%
tlm1tlm,AZTA,2-Feb,12,244,20.3,8.70%,55%
tlm1tlm,PNNT,9-Feb,11,62,5.6,8.80%,52%
tlm1tlm,AAOI,24-Feb,11,169,15.4,18.90%,69%
tlm1tlm,HIMX,17-Feb,10,178,17.8,13.20%,61%
tlm1tlm,MA,3-Feb,10,162,16.2,3.50%,53%
tlm1tlm,LUMN,9-Feb,10,111,11.1,8.80%,61%
tlm1tlm,LRCX,26-Jan,10,219,21.9,2.90%,65%
tlm1tlm,HZO,26-Jan,9,90,10,23.40%,46%
tlm1tlm,AES,2-Mar,9,38,4.2,13.90%,35%
tlm1tlm,STLD,24-Jan,9,142,15.8,3.70%,67%
tlm1tlm,PLAB,23-Feb,9,140,15.6,9.00%,67%
tlm1tlm,ASRT,10-Mar,8,65,8.1,24.10%,48%
tlm1tlm,NKTR,3-Mar,8,174,21.8,14.40%,59%
tlm1tlm,MTSI,26-Jan,8,81,10.1,17.70%,64%
tlm1tlm,CSII,9-Feb,8,6,0.8,31.30%,39%
tlm1tlm,HRC,28-Jan,8,131,16.4,3.60%,56%
tlm1tlm,CPSI,10-Feb,8,52,6.5,14.00%,32%
tlm1tlm,CHH,16-Feb,8,100,12.5,4.70%,46%
tlm1tlm,JAKK,24-Feb,8,57,7.1,19.20%,46%
tlm1tlm,DIOD,15-Feb,8,-13,-1.6,3.10%,21%
tlm1tlm,ADM,8-Feb,7,33,4.7,14.60%,50%
tlm1tlm,BWA,10-Feb,7,83,11.9,5.00%,48%
tlm1tlm,RBBN,16-Feb,7,97,13.9,20.70%,59%
tlm1tlm,MNRO,3-Feb,7,-2,-0.3,4.90%,40%
tlm1tlm,TEN,8-Feb,7,23,3.3,15.90%,42%
tlm1tlm,HAE,8-Feb,7,95,13.6,6.20%,56%
tlm1tlm,LAD,16-Feb,7,91,13,5.50%,57%
tlm1tlm,RDWR,9-Feb,7,30,4.3,10.00%,37%
Analyst_9614248,BGCP,10-Feb,2,-36,-18,14.50%,18%
Analyst_9614248,DHT,9-Feb,2,40,20,33.10%,81%
Analyst_9614248,IRBT,9-Feb,1,23,15.3,36.20%,61%
Analyst_9614248,GILD,8-Feb,1,44,44,0.80%,87%
Analyst_9614248,FRO,28-Feb,1,32,32,7.10%,66%
Analyst_9614248,MU,20-Dec,1,-29,-29,15.60%,12%
Analyst_904827,ZG,10-Feb,2,2,1,40.50%,18%
Analyst_904827,ZS,24-Feb,1,5,5,10.40%,34%
Analyst_7759232,ZG,10-Feb,1,10,10,19.00%,59%
Analyst_7759232,TTD,17-Feb,1,19,19,29.00%,47%
Analyst_7759232,PACB,3-Feb,1,27,27,11.10%,60%
Analyst_3715541,IBM,24-Jan,9,73,8.1,3.10%,59%
Analyst_3715541,URI,26-Jan,7,48,6.9,8.20%,35%
Analyst_3715541,LRCX,26-Jan,7,105,15,4.70%,54%
Analyst_3715541,ALGN,3-Feb,7,71,10.1,18.80%,53%
Analyst_3715541,COO,3-Mar,7,103,14.7,4.60%,63%
Analyst_3715541,SPLK,3-Mar,6,15,2.5,16.90%,42%
Analyst_3715541,DECK,3-Feb,6,89,14.8,19.80%,38%
Analyst_3715541,ADSK,3-Mar,6,103,17.2,5.40%,55%
Analyst_3715541,CRM,1-Mar,6,90,15,15.20%,40%
Analyst_3715541,PANW,1-Mar,6,85,14.2,5.10%,48%
Analyst_3715541,AVGO,9-Dec,5,111,22.2,1.20%,63%
Analyst_3715541,AKAM,15-Feb,5,35,7,4.00%,50%
Analyst_3715541,AMZN,3-Feb,5,79,15.8,18.20%,60%
Analyst_3715541,PYPL,2-Feb,5,34,6.8,5.20%,43%
Analyst_3715541,MA,3-Feb,5,116,23.2,4.80%,53%
Analyst_3715541,ICUI,3-Mar,5,56,11.2,12.90%,26%
Analyst_3715541,ILMN,1-Feb,5,67,13.4,11.80%,41%
Analyst_3715541,IRBT,9-Feb,5,11,2.2,38.60%,35%
Analyst_3715541,COUP,14-Mar,5,44,8.8,51.20%,23%
Analyst_3715541,SWKS,27-Jan,4,63,15.8,2.80%,58%
Analyst_3715541,EL,3-Feb,4,19,4.8,6.30%,39%
Analyst_3715541,AMGN,3-Feb,4,54,13.5,5.30%,45%
Analyst_3715541,AAP,22-Feb,4,30,7.5,4.40%,53%
Analyst_3715541,GRUB,10-Dec,4,71,17.8,13.70%,64%
Analyst_3715541,BIDU,24-Feb,4,82,20.5,14.60%,55%
Analyst_3715541,LOW,23-Feb,4,22,5.5,7.70%,50%
Analyst_3715541,HD,22-Feb,4,53,13.3,6.50%,61%
Analyst_3715541,DLTR,2-Mar,4,46,11.5,2.20%,68%
Analyst_3715541,MCD,24-Jan,4,108,27,2.70%,59%
Analyst_3715541,ULTA,10-Mar,4,-7,-1.8,13.80%,58%
Analyst_2978829,AMAT,16-Feb,5,112,22.4,2.40%,66%
Analyst_2978829,TSM,13-Jan,3,69,23,1.90%,61%
Analyst_2978829,COST,9-Dec,2,66,33,3.50%,83%
Analyst_2978829,WMT,17-Feb,2,27,13.5,12.10%,49%
Analyst_2978829,TJX,2-Mar,1,16,16,21.90%,66%
Analyst_2978829,ABBV,28-Jan,1,-1,-1,3.80%,20%
Analyst_2978829,LUV,27-Jan,1,-3,-3,5.20%,61%
Analyst_2978829,UAL,18-Jan,1,-2,-2,5.20%,70%
Analyst_2978829,ZG,10-Feb,1,-6,-6,25.70%,52%
Analyst_2978829,MU,20-Dec,1,32,32,2.00%,67%
Analyst_2978829,ROST,1-Mar,1,9,9,53.40%,68%
Analyst_2978829,ON,4-Feb,1,-9,-9,9.20%,31%
Analyst_2978829,ANF,2-Mar,1,-6,-6,9.50%,59%
arturomonter,JD,3-Mar,4,-14,-3.5,20.80%,29%
arturomonter,ERIC,25-Jan,4,22,5.5,16.00%,58%
arturomonter,CRM,1-Mar,4,-42,-10.5,20.40%,9%
arturomonter,ZM,9-Mar,4,-67,-16.8,25.60%,18%
arturomonter,BABA,2-Feb,4,-32,-8,12.30%,25%
arturomonter,SHOP,16-Feb,2,-34,-17,36.80%,17%
arturomonter,NOK,3-Feb,2,10,5,20.80%,51%
arturomonter,BIDU,24-Feb,2,-33,-16.5,19.40%,6%
arturomonter,SE,1-Mar,2,34,17,22.90%,80%
arturomonter,NTES,23-Feb,2,-9,-4.5,29.90%,24%
arturomonter,ISRG,27-Jan,2,6,3,14.70%,26%
arturomonter,ZG,10-Feb,2,7,3.5,43.90%,44%
arturomonter,ZNGA,9-Feb,2,7,3.5,20.10%,18%
GregTripple,AMD,1-Feb,16,-101,-6.3,23.30%,19%
GregTripple,CSCO,16-Feb,16,110,6.9,2.60%,49%
GregTripple,LYV,24-Feb,16,51,3.2,29.00%,42%
GregTripple,BSX,3-Feb,16,113,7.1,11.70%,47%
GregTripple,ALGN,3-Feb,15,68,4.5,19.40%,40%
GregTripple,AVGO,9-Dec,15,-240,-16,6.70%,9%
GregTripple,HAS,7-Feb,15,12,0.8,22.50%,41%
GregTripple,MTN,9-Dec,15,83,5.5,16.20%,42%
GregTripple,MCHP,8-Feb,15,-54,-3.5,6.80%,27%
GregTripple,BABA,2-Feb,15,-21,-1.4,11.80%,33%
GregTripple,IAC,2-Feb,15,31,2.1,31.50%,35%
GregTripple,NOW,26-Jan,15,170,11.3,6.00%,46%
GregTripple,VMW,24-Feb,15,138,9.2,6.60%,46%
GregTripple,SBUX,27-Jan,15,170,11.3,9.00%,58%
GregTripple,TWLO,15-Feb,15,265,17.7,28.50%,55%
GregTripple,EXEL,28-Feb,15,122,8.1,28.70%,45%
GregTripple,GOOGL,2-Feb,15,95,6.3,12.60%,39%
GregTripple,HON,28-Jan,15,-6,-0.4,4.70%,27%
GregTripple,ULTA,10-Mar,15,-107,-7.1,9.60%,28%
GregTripple,EW,3-Feb,15,51,3.4,7.40%,38%
GregTripple,MSFT,27-Jan,14,137,9.8,6.90%,38%
GregTripple,AXON,1-Mar,14,260,18.6,30.70%,62%
GregTripple,ISRG,27-Jan,14,165,11.8,8.80%,53%
GregTripple,NFLX,18-Jan,14,88,6.1,10.80%,54%
GregTripple,V,3-Feb,14,119,8.5,3.20%,55%
GregTripple,NEWR,8-Feb,14,140,10,27.40%,38%
GregTripple,MELI,24-Feb,14,-104,-7.4,54.00%,24%
GregTripple,ADBE,16-Dec,14,103,7.4,4.10%,41%
GregTripple,ADSK,3-Mar,14,209,14.9,7.80%,55%
GregTripple,BIIB,27-Jan,14,-76,-5.4,12.40%,22%
Analyst_3900592,ZG,10-Feb,4,-31,-7.8,41.00%,23%
Canaccord_205,FB,2-Feb,11,18,1.6,9.40%,45%
Canaccord_205,SNAP,8-Feb,11,-3,-0.3,34.10%,39%
Canaccord_205,APRN,16-Feb,9,85,9.4,20.70%,51%
Canaccord_205,ETSY,1-Mar,9,25,2.8,15.20%,56%
Canaccord_205,ZG,10-Feb,9,-92,-10.2,39.70%,23%
Canaccord_205,TWTR,10-Feb,7,46,6.1,10.90%,54%
Canaccord_205,NFLX,18-Jan,7,29,3.9,9.10%,60%
Canaccord_205,W,24-Feb,7,21,3,4.70%,56%
Canaccord_205,GRUB,10-Dec,7,59,7.9,30.30%,60%
Canaccord_205,TRUP,15-Feb,6,102,15.7,17.90%,44%
Canaccord_205,GOOGL,2-Feb,5,-8,-1.5,25.10%,26%
Canaccord_205,EBAY,2-Feb,5,81,16.2,3.20%,61%
Canaccord_205,SPOT,9-Feb,5,-94,-17.1,65.00%,4%
Canaccord_205,AMZN,3-Feb,4,15,3.3,9.10%,43%
Canaccord_205,UBER,9-Feb,4,63,15.8,4.30%,72%
Canaccord_205,PTON,9-Feb,4,9,2.3,6.80%,49%
Canaccord_205,LOVE,3-May,4,13,3.3,10.60%,27%
Canaccord_205,ABNB,24-Feb,4,29,7.3,33.80%,41%
Canaccord_205,LYFT,15-Feb,4,18,4,4.90%,54%
Canaccord_205,SFIX,14-Mar,3,21,7,3.40%,49%
Canaccord_205,EVER,28-Feb,3,49,14,3.00%,60%
Canaccord_205,DKNG,25-Feb,2,11,4.4,18.40%,50%
Canaccord_205,SKLZ,9-Mar,1,27,18,2.80%,68%
Analyst_7825399,GOLD,16-Feb,3,22,7.3,10.00%,58%
Analyst_7825399,SIG,17-Mar,3,-14,-4.7,24.20%,31%
Analyst_7825399,INTC,26-Jan,2,10,5,12.80%,47%
Analyst_7825399,PFE,1-Feb,2,49,24.5,10.10%,66%
Analyst_7825399,FL,25-Feb,2,14,7,21.80%,55%
Analyst_7825399,ATVI,10-Feb,2,7,3.5,4.60%,73%
Analyst_7825399,HOG,1-Feb,2,23,11.5,14.00%,60%
Analyst_7825399,GPS,3-Mar,2,-3,-1.5,37.20%,48%
Analyst_7825399,VZ,25-Jan,2,21,10.5,2.90%,47%
Analyst_7825399,KO,9-Feb,2,39,19.5,6.80%,63%
Analyst_7825399,DBX,24-Feb,2,52,26,3.90%,69%
Analyst_7825399,CVS,9-Feb,2,40,20,6.20%,59%
Analyst_7825399,KGC,9-Feb,2,46,23,2.40%,83%
Analyst_7825399,TEVA,10-Feb,1,-3,-3,2.40%,76%
Analyst_7825399,MMM,25-Jan,1,11,11,6.10%,11%
Analyst_7825399,QCOM,2-Feb,1,21,21,6.80%,58%
Analyst_7825399,VSH,8-Feb,1,-21,-21,8.00%,9%
Analyst_7825399,AVT,27-Jan,1,22,22,11.60%,46%
Analyst_7825399,EBAY,2-Feb,1,11,11,2.00%,60%
Analyst_7825399,AMD,1-Feb,1,23,23,5.60%,58%
Analyst_7825399,MU,20-Dec,1,45,45,0.30%,74%
Analyst_7825399,IBM,24-Jan,1,7,7,2.60%,56%
Analyst_7825399,MA,3-Feb,1,26,26,3.40%,56%
Analyst_7825399,CRM,1-Mar,1,36,36,6.30%,74%
Analyst_7825399,T,26-Jan,1,2,2,7.10%,21%
Analyst_7825399,ROKU,24-Feb,1,18,18,38.40%,44%
Analyst_7825399,FND,24-Feb,1,6,6,8.10%,40%
Analyst_7825399,TSN,10-Feb,1,6,6,25.40%,43%
Analyst_7825399,HLF,24-Feb,1,6,6,5.20%,52%
Analyst_7825399,GM,1-Feb,1,27,27,8.10%,54%
SmitandCo,AMD,1-Feb,4,89,22.3,4.90%,68%
SmitandCo,NXPI,2-Feb,4,-8,-2,4.20%,39%
SmitandCo,PINS,10-Feb,4,44,11,35.70%,32%
SmitandCo,MSFT,27-Jan,3,40,13.3,6.50%,46%
SmitandCo,AA,19-Jan,3,38,12.7,31.90%,58%
SmitandCo,MCD,24-Jan,3,67,22.3,3.60%,66%
SmitandCo,TEAM,20-Jan,3,41,13.7,9.20%,49%
SmitandCo,GOOGL,2-Feb,3,34,11.3,12.70%,44%
SmitandCo,EA,1-Feb,3,68,22.7,18.20%,63%
SmitandCo,ZEN,8-Feb,3,1,0.3,17.80%,39%
SmitandCo,BBBY,6-Jan,3,-5,-1.7,30.30%,48%
SmitandCo,NFLX,18-Jan,3,48,16,8.00%,62%
SmitandCo,HOG,1-Feb,3,-13,-4.3,53.20%,42%
SmitandCo,SKX,10-Feb,3,19,6.3,10.10%,45%
SmitandCo,CTAS,23-Dec,3,60,20,3.40%,55%
SmitandCo,WDC,27-Jan,3,24,8,8.60%,50%
SmitandCo,MU,20-Dec,3,40,13.3,6.90%,55%
SmitandCo,PEP,10-Feb,3,56,18.7,1.40%,64%
SmitandCo,TWLO,15-Feb,3,76,25.3,16.80%,60%
SmitandCo,ANGO,6-Jan,2,29,14.5,22.70%,58%
SmitandCo,ALGN,3-Feb,2,40,20,5.00%,67%
SmitandCo,AIR,21-Dec,2,18,9,3.20%,50%
SmitandCo,KMX,22-Dec,2,45,22.5,22.20%,72%
SmitandCo,GRPN,16-Feb,2,11,5.5,46.20%,42%
SmitandCo,TSLA,2-Feb,2,29,14.5,21.70%,71%
SmitandCo,CCK,9-Feb,2,-15,-7.5,10.00%,13%
SmitandCo,CLF,27-Jan,2,48,24,9.40%,56%
SmitandCo,STT,26-Jan,2,47,23.5,5.10%,65%
SmitandCo,X,2-Feb,2,47,23.5,20.40%,73%
SmitandCo,ABM,15-Dec,2,38,19,3.30%,58%
Analyst_1701623,KGC,9-Feb,1,14,14,10.30%,73%
Analyst_5940717,PG,25-Jan,8,-37,-4.6,3.10%,22%
Analyst_5940717,KGC,9-Feb,8,-11,-1.4,37.40%,35%
Analyst_5940717,COTY,10-Feb,5,18,3.6,13.50%,49%
Analyst_5940717,GE,27-Jan,3,100,33.3,10.70%,77%
Analyst_5940717,LVS,26-Jan,2,13,6.5,24.40%,49%
Analyst_7227115,AAPL,1-Feb,6,71,11.8,9.50%,47%
Analyst_7227115,BABA,2-Feb,4,25,6.3,23.50%,31%
Analyst_7227115,IBM,24-Jan,4,-145,-36.3,24.20%,2%
Analyst_7227115,PLAY,29-Mar,4,-109,-27.3,76.50%,7%
Analyst_7227115,V,3-Feb,4,-68,-17,15.50%,18%
Analyst_7227115,GOOGL,2-Feb,4,36,9,13.90%,48%
Analyst_7227115,PLTR,15-Feb,3,59,19.7,29.20%,66%
Analyst_7227115,VRTX,2-Feb,3,88,29.3,8.80%,82%
Analyst_7227115,AG,17-Mar,2,-27,-13.5,51.80%,15%
Analyst_7227115,INTC,26-Jan,2,34,17,11.40%,64%
Analyst_7227115,AEM,16-Feb,2,-17,-8.5,11.50%,18%
Analyst_7227115,FSM,10-Mar,2,-38,-19,53.10%,6%
Analyst_7227115,AOSL,9-Feb,2,-1,-0.5,13.20%,11%
Analyst_7227115,WDFC,12-Jan,2,4,2,7.70%,60%
Analyst_7227115,SLM,19-Jan,2,12,6,26.50%,43%
Analyst_7227115,ANGO,6-Jan,2,-17,-8.5,57.70%,18%
Analyst_7227115,KGC,9-Feb,2,-42,-21,51.00%,5%
Analyst_7227115,CLB,2-Feb,2,10,5,4.80%,90%
Analyst_7227115,FND,24-Feb,2,8,4,11.50%,33%
Analyst_7227115,PM,3-Feb,1,19,19,5.00%,56%
Analyst_7227115,SAM,23-Feb,1,-11,-11,19.70%,15%
Analyst_7227115,MKC,27-Jan,1,5,5,2.90%,52%
Analyst_7227115,LVS,26-Jan,1,14,14,52.70%,62%
Analyst_7227115,KO,9-Feb,1,17,17,6.60%,47%
Analyst_7227115,ELY,9-Feb,1,-9,-9,25.90%,39%
Analyst_7227115,MCD,24-Jan,1,16,16,2.90%,74%
Analyst_7227115,SBUX,27-Jan,1,19,19,11.40%,66%
Analyst_7227115,RCL,2-Feb,1,17,17,51.10%,58%
Analyst_7227115,EDU,13-Dec,1,17,17,2.40%,70%
Analyst_7227115,STZ,6-Jan,1,-8,-8,13.60%,27%
Analyst_3343247,AMZN,3-Feb,8,173,21.6,17.10%,62%
Analyst_3343247,DBX,24-Feb,7,212,30.3,3.10%,70%
Analyst_3343247,VSAT,10-Feb,7,80,11.4,19.20%,64%
Analyst_3343247,MU,20-Dec,7,68,9.7,9.70%,47%
Analyst_3343247,GOLD,16-Feb,6,54,9,8.40%,61%
Analyst_3343247,NEM,24-Feb,6,-30,-5,14.70%,36%
Analyst_3343247,BABA,2-Feb,6,91,15.2,7.60%,67%
Analyst_3343247,AAPL,1-Feb,5,4,0.8,7.60%,39%
Analyst_3343247,HL,24-Feb,4,-36,-9,35.70%,26%
Analyst_3343247,BHC,23-Feb,4,-3,-0.8,17.20%,53%
Analyst_3343247,NGD,17-Feb,4,119,29.8,8.90%,60%
Analyst_3343247,AEM,16-Feb,4,78,19.5,4.40%,61%
Analyst_3343247,FB,2-Feb,3,36,12,8.40%,57%
Analyst_3343247,KGC,9-Feb,3,25,8.3,9.20%,69%
Analyst_3343247,TEVA,10-Feb,3,80,26.7,5.50%,68%
Analyst_3343247,INTC,26-Jan,3,17,5.7,7.20%,48%
Analyst_3343247,KL,24-Feb,2,-40,-20,8.00%,9%
Analyst_3343247,NFLX,18-Jan,2,13,6.5,9.20%,58%
Analyst_3343247,BIDU,24-Feb,2,36,18,20.80%,61%
Analyst_3343247,LC,22-Feb,2,-8,-4,59.00%,31%
Analyst_3343247,GE,27-Jan,2,-9,-4.5,29.90%,57%
Analyst_3343247,CSCO,16-Feb,2,25,12.5,4.80%,41%
Analyst_3343247,PANW,1-Mar,2,20,10,7.20%,44%
Analyst_3343247,GOOGL,2-Feb,2,28,14,12.20%,59%
Analyst_3343247,NVDA,17-Feb,2,19,9.5,5.30%,55%
Analyst_3343247,AVGO,9-Dec,1,6,6,3.50%,51%
Analyst_3343247,TSLA,2-Feb,1,31,31,11.90%,71%
Analyst_3343247,MSFT,27-Jan,1,29,29,7.00%,87%
Analyst_3343247,CHKP,2-Feb,1,12,12,1.10%,40%
Analyst_3343247,TDOC,2-Mar,1,-7,-7,24.60%,54%
Analyst_5300825,KGC,9-Feb,1,-11,-11,37.50%,28%
LivefrmDaGutter,VIAC,17-Feb,1,-45,-45,14.10%,3%
LivefrmDaGutter,KGC,9-Feb,1,-20,-20,52.00%,6%
LivefrmDaGutter,VLO,3-Feb,1,31,31,20.10%,64%
LivefrmDaGutter,CLNE,15-Mar,1,-6,-6,58.20%,34%
LivefrmDaGutter,XOM,1-Feb,1,-6,-6,37.90%,63%
LivefrmDaGutter,JPM,14-Jan,1,20,20,13.00%,49%
LivefrmDaGutter,CSX,18-Jan,1,-26,-26,11.30%,1%
LivefrmDaGutter,UCTT,23-Feb,1,42,42,0.20%,86%
Analyst_1592846,KGC,9-Feb,4,-90,-22.5,23.70%,13%
Analyst_1592846,NEM,24-Feb,1,-2,-2,3.90%,70%
Nobby,MU,20-Dec,13,36,2.7,10.50%,43%
Nobby,JPM,14-Jan,12,130,10.8,6.00%,46%
Nobby,MSFT,27-Jan,11,21,1.9,7.00%,22%
Nobby,KSS,24-Feb,7,-14,-2,12.50%,40%
Nobby,TWTR,10-Feb,6,18,3,23.40%,24%
Nobby,AAPL,1-Feb,6,26,4,3.80%,44%
Nobby,CSX,18-Jan,6,-18,-3,7.40%,28%
Nobby,AXP,20-Jan,6,-76,-11.7,9.30%,9%
Nobby,GILD,8-Feb,5,14,2.8,12.20%,42%
Nobby,VMW,24-Feb,5,122,24.4,2.80%,75%
Nobby,C,14-Jan,4,0,0,3.20%,35%
Nobby,AMD,1-Feb,4,34,8.5,11.80%,48%
Nobby,CRWD,24-Mar,3,84,28,14.90%,67%
Nobby,KGC,9-Feb,3,32,10.7,11.40%,71%
Nobby,GOOGL,2-Feb,3,-20,-5.7,3.20%,25%
Nobby,DIS,8-Feb,3,3,1,29.60%,33%
Nobby,IMAX,24-Feb,2,12,6,51.10%,20%
Nobby,QCOM,2-Feb,2,35,17.5,5.40%,70%
Nobby,ABBV,28-Jan,2,29,14.5,1.50%,79%
Nobby,RDFN,24-Feb,2,19,9.5,20.90%,27%
Nobby,CRUS,2-Feb,2,37,18.5,9.20%,57%
Nobby,ATVI,10-Feb,2,20,10,6.70%,69%
Nobby,HCSG,8-Feb,2,25,12.5,2.70%,74%
Nobby,ORCL,9-Dec,1,-41,-41,5.80%,1%
Nobby,DISH,23-Feb,1,34,34,1.50%,94%
Nobby,CYBR,10-Feb,1,43,43,1.20%,84%
Nobby,VRNS,9-Feb,1,44,44,0.30%,78%
Nobby,WM,17-Feb,1,27,27,1.60%,85%
Nobby,AMZN,3-Feb,1,6,6,50.20%,21%
Nobby,BMY,4-Feb,1,24,24,15.70%,80%
Analyst_9037722,KGC,9-Feb,1,-12,-12,33.90%,7%
Analyst_1681857,KGC,9-Feb,1,-16,-16,43.60%,15%
Analyst_2816520,KGC,9-Feb,1,11,11,6.90%,48%
Analyst_2816520,AMRN,1-Mar,1,23,23,1.40%,76%
Analyst_822652,UPS,1-Feb,2,5,2.5,12.90%,21%
Analyst_822652,AAPL,1-Feb,2,29,14.5,13.50%,52%
Analyst_822652,MELI,24-Feb,2,5,2.5,53.70%,37%
Analyst_822652,HAS,7-Feb,1,36,36,5.00%,86%
Analyst_822652,SBUX,27-Jan,1,25,25,16.60%,66%
Analyst_822652,AMZN,3-Feb,1,21,21,20.90%,52%
Analyst_822652,BIDU,24-Feb,1,5,5,18.10%,41%
Analyst_822652,OSTK,18-Mar,1,29,29,15.50%,69%
Analyst_822652,KGC,9-Feb,1,32,32,3.40%,78%
Analyst_822652,MRO,16-Feb,1,-8,-8,53.40%,42%
Analyst_822652,XOM,1-Feb,1,-2,-2,23.10%,67%
Analyst_822652,GILD,8-Feb,1,23,23,6.40%,63%
Analyst_822652,AZN,10-Feb,1,-7,-7,15.10%,37%
Analyst_822652,GD,26-Jan,1,16,16,1.50%,72%
Analyst_822652,GE,27-Jan,1,29,29,51.70%,69%
Analyst_822652,CAT,27-Jan,1,34,34,6.20%,66%
Analyst_822652,FRO,28-Feb,1,5,5,66.10%,30%
Analyst_822652,SAVE,8-Feb,1,-2,-2,9.30%,67%
Analyst_822652,FDX,16-Dec,1,22,22,9.30%,58%
Analyst_822652,WDC,27-Jan,1,9,9,8.70%,59%
Analyst_822652,FFIV,26-Jan,1,41,41,0.50%,71%
Analyst_822652,BUD,3-Mar,1,25,25,8.20%,55%
Analyst_822652,UAA,15-Feb,1,18,18,51.70%,43%
Analyst_822652,F,27-Jan,1,-5,-5,37.80%,63%
Analyst_822652,KHC,17-Feb,1,18,18,5.80%,45%
Analyst_822652,EBAY,2-Feb,1,14,14,6.70%,36%
Analyst_822652,FB,2-Feb,1,19,19,15.70%,57%
Analyst_822652,TWTR,10-Feb,1,17,17,42.50%,38%
Analyst_822652,GOOGL,2-Feb,1,18,18,18.90%,43%
Analyst_822652,AMD,1-Feb,1,36,36,4.20%,86%
In_Ernest,KGC,9-Feb,2,51,25.5,4.90%,70%
In_Ernest,ULTA,10-Mar,1,-6,-6,56.30%,55%
In_Ernest,NFLX,18-Jan,1,15,15,15.60%,50%
In_Ernest,NGD,17-Feb,1,7,7,54.60%,49%
In_Ernest,GOLD,16-Feb,1,26,26,5.70%,68%
In_Ernest,FB,2-Feb,1,35,35,7.20%,94%
In_Ernest,TWTR,10-Feb,1,33,33,38.70%,78%
In_Ernest,RL,3-Feb,1,-28,-28,61.50%,14%
In_Ernest,AG,17-Mar,1,-14,-14,28.90%,24%
Analyst_2910435,KGC,9-Feb,1,22,22,10.40%,44%
Analyst_2910435,GOLD,16-Feb,1,15,15,11.60%,50%
Analyst_2910435,STLA,2-Mar,1,16,16,22.70%,42%
ValionCapital,FISV,9-Feb,5,30,6,2.50%,64%
ValionCapital,HUBS,15-Feb,5,93,18.6,13.30%,60%
ValionCapital,AMAT,16-Feb,5,142,28.4,2.50%,68%
ValionCapital,V,3-Feb,5,75,15,3.70%,59%
ValionCapital,FTNT,9-Feb,5,97,19.4,3.00%,60%
ValionCapital,SPLK,3-Mar,5,77,15.4,22.30%,55%
ValionCapital,CSCO,16-Feb,5,11,2.2,2.40%,47%
ValionCapital,GOOGL,2-Feb,5,102,20.4,16.00%,52%
ValionCapital,ILMN,1-Feb,5,87,17.4,11.00%,59%
ValionCapital,CCMP,27-Jan,5,26,5.2,6.70%,56%
ValionCapital,IDCC,24-Feb,5,37,7.4,34.00%,31%
ValionCapital,CRM,1-Mar,5,62,12.4,9.60%,63%
ValionCapital,FICO,27-Jan,5,49,9.8,10.00%,49%
ValionCapital,GWRE,3-Mar,5,33,6.6,34.40%,33%
ValionCapital,TSLA,2-Feb,5,10,2,17.60%,41%
ValionCapital,SPGI,8-Feb,5,77,15.4,5.10%,48%
ValionCapital,AMZN,3-Feb,5,40,8,25.30%,41%
ValionCapital,FB,2-Feb,5,-12,-2.4,13.40%,40%
ValionCapital,DIS,8-Feb,5,69,13.8,34.50%,64%
ValionCapital,BAX,3-Feb,5,54,10.8,5.40%,53%
ValionCapital,BDX,3-Feb,5,81,16.2,6.90%,60%
ValionCapital,NVDA,17-Feb,5,168,33.6,4.50%,75%
ValionCapital,CW,23-Feb,5,43,8.6,3.80%,50%
ValionCapital,CVX,28-Jan,5,85,17,27.10%,64%
ValionCapital,TXT,26-Jan,5,74,14.8,6.50%,57%
ValionCapital,WEX,16-Feb,5,-9,-1.8,7.80%,35%
ValionCapital,AMGN,3-Feb,5,32,6.4,4.90%,57%
ValionCapital,AAPL,1-Feb,5,-51,-10.2,16.10%,26%
ValionCapital,DKNG,25-Feb,5,15,3,25.80%,45%
ValionCapital,GLW,1-Feb,4,54,13.5,4.30%,45%
Analyst_4716043,TXN,26-Jan,11,-59,-5.4,10.00%,15%
Analyst_4716043,PNC,18-Jan,10,-135,-13.5,9.00%,5%
Analyst_4716043,VZ,25-Jan,10,-192,-19.2,6.50%,4%
Analyst_4716043,KSS,24-Feb,9,-118,-13.1,24.30%,14%
Analyst_4716043,M,22-Feb,9,-17,-1.9,32.70%,33%
Analyst_4716043,WMT,17-Feb,8,16,2,3.60%,36%
Analyst_4716043,TGT,8-Mar,8,-117,-14.6,12.90%,12%
Analyst_4716043,TAP,24-Feb,7,-145,-20.7,18.00%,2%
Analyst_4716043,CMCSA,27-Jan,7,-81,-11.6,6.50%,22%
Analyst_4716043,ITW,26-Jan,7,-36,-5.1,4.00%,34%
Analyst_4716043,V,3-Feb,7,-55,-7.9,3.50%,12%
Analyst_4716043,MMP,3-Feb,7,-4,-0.5,12.70%,27%
Analyst_4716043,DIS,8-Feb,7,-91,-13,17.10%,5%
Analyst_4716043,PYPL,2-Feb,6,-42,-6.5,6.70%,17%
Analyst_4716043,KR,3-Mar,6,-123,-20.5,8.90%,4%
Analyst_4716043,VMI,23-Feb,5,42,8.4,7.70%,47%
Analyst_4716043,JWN,3-Mar,5,-40,-7.3,39.00%,21%
Analyst_4716043,BBWI,23-Feb,5,2,0.4,35.00%,35%
Analyst_4716043,SCHW,19-Jan,5,-36,-7.2,5.70%,14%
Analyst_4716043,ANF,2-Mar,5,12,2.4,38.60%,38%
Analyst_4716043,THO,7-Mar,5,-33,-6.6,23.90%,19%
Analyst_4716043,NCMI,24-Feb,4,15,3.8,28.50%,33%
Analyst_4716043,WM,17-Feb,4,-130,-32.5,5.50%,0%
Analyst_4716043,BKNG,2-Mar,4,-24,-6,8.10%,20%
Analyst_4716043,CWH,10-Mar,4,-19,-4.2,37.90%,32%
Analyst_4716043,SNBR,16-Feb,4,1,0.3,9.40%,42%
Analyst_4716043,TXT,26-Jan,4,36,9,13.30%,38%
Analyst_4716043,OTIS,31-Jan,3,-43,-14.3,11.60%,7%
Analyst_4716043,MU,20-Dec,3,-119,-39.7,41.70%,2%
Analyst_4716043,EVC,10-Mar,3,20,6.7,27.00%,65%
Analyst_9457450,TXT,26-Jan,1,-8,-8,11.00%,39%
CashProphet,INTC,26-Jan,4,-1,-0.3,18.00%,20%
CashProphet,FSLY,24-Feb,2,19,9.5,24.50%,72%
CashProphet,HAS,7-Feb,2,21,10.5,8.60%,64%
CashProphet,PG,25-Jan,1,-11,-11,6.20%,15%
CashProphet,SWBI,3-Mar,1,4,4,19.70%,39%
CashProphet,AMZN,3-Feb,1,33,33,8.40%,85%
CashProphet,PFE,1-Feb,1,-7,-7,27.10%,42%
CashProphet,LMT,1-Feb,1,16,16,0.80%,56%
CashProphet,TXT,26-Jan,1,5,5,11.20%,41%
CashProphet,AAPL,1-Feb,1,34,34,6.60%,82%
CashProphet,EBAY,2-Feb,1,31,31,2.40%,73%
CashProphet,TSLA,2-Feb,1,17,17,15.70%,67%
CashProphet,MSFT,27-Jan,1,2,2,9.50%,34%
CashProphet,ORCL,9-Dec,1,4,4,3.30%,42%
CashProphet,ZEN,8-Feb,1,-8,-8,19.20%,54%
CashProphet,CYBR,10-Feb,1,-6,-6,13.60%,56%
CashProphet,ALRM,1-Mar,1,24,24,15.10%,79%
CashProphet,PEN,1-Mar,1,9,9,50.30%,78%
CashProphet,BE,9-Feb,1,18,18,55.70%,43%
CashProphet,PTON,9-Feb,1,8,8,23.80%,55%
CashProphet,PLUG,10-Mar,1,17,17,70.00%,59%
CashProphet,RGR,23-Feb,1,8,8,24.80%,16%
Drogness,GME,24-Mar,10,41,4.1,34.50%,46%
Drogness,M,22-Feb,10,5,0.5,43.50%,33%
Drogness,CSCO,16-Feb,10,-12,-1.2,4.10%,26%
Drogness,TSLA,2-Feb,10,16,1.6,36.10%,42%
Drogness,DIS,8-Feb,10,42,4.2,34.80%,44%
Drogness,GE,27-Jan,10,-2,-0.2,23.00%,49%
Drogness,DAN,17-Feb,10,33,3.3,16.10%,36%
Drogness,ABBV,28-Jan,10,37,3.7,5.00%,29%
Drogness,IBM,24-Jan,10,-99,-9.9,6.70%,26%
Drogness,WMT,17-Feb,10,121,12.1,4.80%,50%
Drogness,MCD,24-Jan,10,42,4.2,12.20%,36%
Drogness,KSS,24-Feb,10,17,1.7,35.90%,35%
Drogness,HLF,24-Feb,9,100,11.1,8.50%,62%
Drogness,C,14-Jan,9,14,1.6,17.70%,43%
Drogness,VZ,25-Jan,9,-65,-7.2,3.50%,26%
Drogness,CVS,9-Feb,9,81,9,7.30%,35%
Drogness,MS,20-Jan,9,86,9.6,16.30%,36%
Drogness,GM,1-Feb,9,55,6.1,30.80%,47%
Drogness,F,27-Jan,9,83,9.2,36.10%,52%
Drogness,BABA,2-Feb,9,63,7,8.80%,56%
Drogness,MO,27-Jan,9,84,9.3,2.90%,59%
Drogness,BBWI,23-Feb,9,36,4,29.00%,46%
Drogness,PRU,3-Feb,9,37,4.1,15.80%,38%
Drogness,T,26-Jan,9,-80,-8.9,7.10%,12%
Drogness,SU,2-Feb,8,-73,-9.1,36.30%,21%
Drogness,AMZN,3-Feb,8,8,1,21.60%,38%
Drogness,PG,25-Jan,8,164,20.5,2.80%,72%
Drogness,FCX,27-Jan,8,3,0.4,32.70%,43%
Drogness,BAC,18-Jan,8,49,6.1,11.10%,49%
Drogness,GIS,21-Dec,8,-68,-8.5,6.50%,16%
Analyst_3993648,OXY,15-Feb,1,20,20,11.90%,41%
Analyst_3993648,AMGN,3-Feb,1,27,27,4.00%,66%
Analyst_3993648,AAPL,1-Feb,1,-2,-2,3.50%,78%
Analyst_3993648,EA,1-Feb,1,38,38,3.20%,74%
Analyst_3993648,PYPL,2-Feb,1,12,12,3.50%,58%
Analyst_3993648,YETI,17-Feb,1,16,16,2.30%,79%
WonterC,AAPL,1-Feb,4,54,13.5,7.40%,63%
WonterC,NFLX,18-Jan,3,17,5.7,8.40%,54%
WonterC,SNAP,8-Feb,3,44,14.7,41.90%,53%
WonterC,COST,9-Dec,3,24,8,6.50%,57%
WonterC,ROKU,24-Feb,3,57,19,29.40%,60%
WonterC,NKE,20-Dec,3,-3,-1,24.20%,59%
WonterC,TSLA,2-Feb,3,16,5.3,38.80%,55%
WonterC,SQ,2-Mar,3,49,16.3,31.60%,65%
WonterC,M,22-Feb,3,51,17,21.40%,65%
WonterC,TTD,17-Feb,2,46,23,10.00%,53%
WonterC,CRM,1-Mar,2,15,7.5,3.30%,55%
WonterC,IBM,24-Jan,2,-11,-5.5,2.50%,55%
WonterC,PYPL,2-Feb,2,-3,-1.5,4.30%,48%
WonterC,PINS,10-Feb,2,25,12.5,16.60%,55%
WonterC,UBER,9-Feb,2,12,6,47.00%,54%
WonterC,UNH,18-Jan,2,57,28.5,4.70%,79%
WonterC,TGT,8-Mar,2,55,27.5,0.90%,54%
WonterC,BAC,18-Jan,2,41,20.5,9.90%,63%
WonterC,FB,2-Feb,2,46,23,14.10%,65%
WonterC,XOM,1-Feb,2,20,10,8.80%,51%
WonterC,AMC,3-Mar,2,22,11,21.00%,60%
WonterC,NYT,3-Feb,2,63,31.5,12.20%,73%
WonterC,DKS,8-Mar,2,13,6.5,23.90%,55%
WonterC,MU,20-Dec,2,69,34.5,5.30%,69%
WonterC,F,27-Jan,2,14,7,45.70%,58%
WonterC,ADBE,16-Dec,2,-15,-7.5,3.30%,30%
WonterC,AMZN,3-Feb,2,25,12.5,22.60%,70%
WonterC,INTC,26-Jan,2,29,14.5,12.80%,54%
WonterC,BBBY,6-Jan,1,-7,-7,29.90%,47%
WonterC,HD,22-Feb,1,32,32,3.30%,49%
Aldin87,OXY,15-Feb,5,90,18,19.40%,75%
Aldin87,ARLP,31-Jan,4,-3,-0.8,20.20%,21%
Aldin87,DOCU,17-Mar,3,56,18.7,18.80%,49%
Aldin87,TSLA,2-Feb,2,48,24,31.90%,70%
Aldin87,AMBA,3-Mar,2,-14,-7,21.10%,17%
Aldin87,AAPL,1-Feb,1,-50,-50,18.90%,0%
Aldin87,MRVL,10-Mar,1,7,7,19.90%,57%
Aldin87,NS,3-Feb,1,18,18,54.10%,23%
Aldin87,CSX,18-Jan,1,9,9,2.70%,55%
Analyst_5178017,MU,20-Dec,7,229,32.7,2.90%,71%
Analyst_5178017,CRWD,24-Mar,4,79,19.8,21.50%,52%
Analyst_5178017,OXY,15-Feb,3,24,8,24.40%,58%
Analyst_5178017,ZM,9-Mar,3,74,24.7,11.00%,63%
Analyst_5178017,UAA,15-Feb,2,45,22.5,27.10%,56%
Analyst_5178017,NFLX,18-Jan,2,-1,-0.5,7.20%,53%
Analyst_5178017,JPM,14-Jan,2,54,27,6.80%,74%
Analyst_5178017,BAC,18-Jan,2,29,14.5,4.60%,67%
Analyst_5178017,BHC,23-Feb,2,34,17,5.00%,61%
Analyst_5178017,NVDA,17-Feb,2,58,29,2.80%,67%
Analyst_5178017,IBM,24-Jan,2,20,10,2.10%,58%
Analyst_5178017,WFC,14-Jan,1,30,30,4.10%,74%
Analyst_5178017,GS,18-Jan,1,7,7,16.60%,48%
Analyst_5178017,TEVA,10-Feb,1,28,28,6.80%,83%
Analyst_5178017,F,27-Jan,1,9,9,45.70%,61%
Analyst_5178017,DAL,18-Jan,1,-16,-16,4.80%,24%
Analyst_5178017,AAPL,1-Feb,1,35,35,4.80%,84%
Analyst_5178017,EBAY,2-Feb,1,31,31,3.00%,61%
Analyst_5178017,TWTR,10-Feb,1,5,5,40.10%,40%
Analyst_5178017,AMD,1-Feb,1,57,38,3.00%,75%
Analyst_5178017,MRVL,10-Mar,1,22,22,5.30%,57%
Analyst_5178017,CMG,8-Feb,1,20,20,1.40%,69%
Analyst_5178017,AMAT,16-Feb,1,45,45,0.50%,71%
Analyst_5178017,AVGO,9-Dec,1,15,15,1.00%,53%
Analyst_5178017,CHWY,9-Dec,1,-9,-9,50.60%,33%
Analyst_5178017,FSLR,24-Feb,1,-7,-7,61.30%,43%
Analyst_5178017,TSLA,2-Feb,1,32,32,15.10%,70%
Analyst_5178017,V,3-Feb,1,34,34,1.50%,87%
Analyst_5178017,MSFT,27-Jan,1,18,18,6.40%,47%
Analyst_5178017,CRM,1-Mar,1,22,22,4.00%,58%
Analyst_8096201,COIN,10-Feb,2,1,0.5,47.50%,29%
Analyst_8096201,GME,24-Mar,2,42,21,14.20%,63%
Analyst_8096201,RH,29-Mar,2,-2,-1,9.30%,38%
Analyst_8096201,AMZN,3-Feb,2,6,3,28.50%,37%
Analyst_8096201,TSLA,2-Feb,2,42,21,13.00%,60%
Analyst_8096201,ALGN,3-Feb,2,65,32.5,5.10%,71%
Analyst_8096201,AAPL,1-Feb,2,32,16,5.30%,69%
Analyst_8096201,FB,2-Feb,2,8,4,9.30%,32%
Analyst_8096201,GOOGL,2-Feb,2,44,22,6.90%,70%
Analyst_8096201,AMAT,16-Feb,2,76,38,1.50%,87%
Analyst_8096201,NVDA,17-Feb,2,47,23.5,3.50%,56%
Analyst_8096201,MSFT,27-Jan,2,53,26.5,4.70%,61%
Analyst_8096201,DOCU,17-Mar,2,47,23.5,6.00%,60%
Analyst_8096201,ZM,9-Mar,2,54,27,5.00%,68%
Analyst_8096201,OXY,15-Feb,1,-7,-7,15.20%,27%
Suntrust_90,OXY,15-Feb,3,29,9.7,47.20%,53%
Suntrust_90,EOG,1-Mar,3,25,8.3,31.60%,61%
Suntrust_90,CNX,1-Feb,2,-5,-2,51.30%,48%
Suntrust_90,CLR,23-Feb,2,9,3.6,49.50%,75%
Suntrust_90,MRO,16-Feb,2,46,18.4,27.20%,64%
Suntrust_90,MUR,26-Jan,2,-4,-1.6,55.00%,34%
Suntrust_90,NOG,2-Mar,2,13,6.5,22.00%,68%
Suntrust_90,SWN,24-Feb,2,16,6.4,30.90%,61%
Suntrust_90,SM,23-Feb,2,-23,-9.2,100.00%,13%
Suntrust_90,RRC,23-Feb,2,31,12.4,42.30%,64%
Suntrust_90,PDCE,2-Mar,2,-21,-8.4,49.20%,39%
Suntrust_90,PXD,8-Feb,2,2,0.8,38.30%,52%
Suntrust_90,APA,24-Feb,2,30,12,37.90%,50%
Suntrust_90,CVX,28-Jan,2,18,7.2,57.80%,50%
Suntrust_90,OVV,24-Feb,2,9,3.6,32.90%,65%
Suntrust_90,EQT,17-Feb,2,45,22.5,56.90%,51%
Suntrust_90,XOM,1-Feb,2,1,0.4,45.60%,47%
Suntrust_90,DVN,15-Feb,2,10,4,49.10%,62%
Suntrust_90,AR,16-Feb,2,39,15.6,72.30%,63%
Suntrust_90,FANG,15-Feb,2,8,3.2,18.80%,57%
Suntrust_90,MTDR,23-Feb,2,12,4.8,49.30%,49%
Suntrust_90,CPE,2-Mar,2,35,17.5,17.60%,76%
Suntrust_90,CRK,24-Feb,2,-1,-0.4,48.20%,46%
Suntrust_90,CDEV,28-Feb,2,19,7.6,70.40%,63%
Suntrust_90,COP,3-Feb,2,31,12.4,27.50%,64%
Analyst_3428073,OXY,15-Feb,1,-7,-7,42.60%,10%
Suntrust_11,AR,16-Feb,9,54,5.7,71.40%,42%
Suntrust_11,MTDR,23-Feb,9,-57,-6,50.50%,35%
Suntrust_11,CLR,23-Feb,9,42,4.4,43.60%,50%
Suntrust_11,NOG,2-Mar,9,-34,-3.8,55.10%,41%
Suntrust_11,RRC,23-Feb,9,-24,-2.5,60.90%,25%
Suntrust_11,PDCE,2-Mar,9,-18,-2,71.20%,39%
Suntrust_11,PXD,8-Feb,9,-47,-4.9,40.10%,31%
Suntrust_11,CPE,2-Mar,9,83,9.2,29.40%,62%
Suntrust_11,CNX,1-Feb,9,-55,-5.8,73.40%,13%
Suntrust_11,FANG,15-Feb,9,-21,-2.2,33.60%,44%
Suntrust_11,EQT,17-Feb,8,-107,-13.4,73.50%,22%
Suntrust_11,CDEV,28-Feb,7,54,7.7,56.40%,48%
Suntrust_11,EOG,1-Mar,6,-79,-13.2,46.20%,26%
Suntrust_11,MRO,16-Feb,6,-73,-12.2,56.80%,16%
Suntrust_11,SM,23-Feb,5,-13,-2.6,90.70%,25%
Suntrust_11,DVN,15-Feb,5,-55,-11,76.40%,12%
Suntrust_11,OVV,24-Feb,5,-55,-11,66.90%,23%
Suntrust_11,APA,24-Feb,4,-134,-29.8,87.40%,5%
Suntrust_11,OXY,15-Feb,4,25,5.6,61.00%,33%
Suntrust_11,CRK,24-Feb,2,27,13.5,42.20%,57%
Suntrust_11,SWN,24-Feb,2,0,0,68.20%,37%
Jen_F,AZO,1-Mar,6,128,21.3,7.20%,78%
Jen_F,JKS,1-Mar,6,111,18.5,35.00%,59%
Jen_F,THO,7-Mar,6,121,20.2,13.70%,65%
Jen_F,BABA,2-Feb,6,82,13.7,8.00%,66%
Jen_F,WMT,17-Feb,6,89,14.8,6.90%,58%
Jen_F,CASY,7-Mar,6,52,8.7,8.30%,42%
Jen_F,WB,2-Mar,6,172,28.7,5.50%,66%
Jen_F,LOW,23-Feb,6,90,15,10.20%,55%
Jen_F,DG,17-Mar,6,153,25.5,4.60%,68%
Jen_F,SWBI,3-Mar,6,93,15.5,17.80%,63%
Jen_F,SCSC,8-Feb,5,61,12.2,12.30%,56%
Jen_F,FDX,16-Dec,5,71,14.2,9.30%,64%
Jen_F,DKS,8-Mar,5,75,15,20.20%,70%
Jen_F,CSCO,16-Feb,5,66,13.2,1.70%,60%
Jen_F,PII,1-Feb,5,58,11.6,6.90%,57%
Jen_F,AAPL,1-Feb,5,54,10.8,8.70%,64%
Jen_F,EBAY,2-Feb,5,65,13,4.10%,55%
Jen_F,JPM,14-Jan,5,129,25.8,10.10%,73%
Jen_F,GS,18-Jan,5,91,18.2,22.10%,65%
Jen_F,GIS,21-Dec,5,77,15.4,4.90%,51%
Jen_F,RAD,21-Dec,5,66,13.2,28.40%,57%
Jen_F,LULU,9-Dec,5,135,27,8.80%,70%
Jen_F,DRI,17-Dec,5,62,12.4,16.60%,66%
Jen_F,LEN,15-Dec,5,130,26,10.50%,69%
Jen_F,COST,9-Dec,5,113,22.6,5.90%,72%
Jen_F,KBH,12-Jan,5,97,19.4,8.20%,66%
Jen_F,TOL,22-Feb,5,123,24.6,8.50%,70%
Jen_F,LPX,15-Feb,5,140,28,4.30%,81%
Jen_F,AMZN,3-Feb,5,101,20.2,17.20%,75%
Jen_F,GOOGL,2-Feb,5,128,25.6,11.40%,71%
Analyst_1150343,OXY,15-Feb,1,11,11,41.70%,69%
amargari,AMZN,3-Feb,13,192,14.8,25.00%,59%
amargari,BIDU,24-Feb,12,256,21.3,10.00%,68%
amargari,AVGO,9-Dec,11,170,14.8,1.90%,58%
amargari,TWTR,10-Feb,11,186,16.9,12.60%,58%
amargari,FB,2-Feb,10,230,23,4.50%,67%
amargari,AAPL,1-Feb,10,141,14.1,2.80%,59%
amargari,ADBE,16-Dec,10,205,20.5,1.70%,63%
amargari,GOOGL,2-Feb,10,165,16.5,5.20%,62%
amargari,LULU,9-Dec,10,119,11.9,11.60%,57%
amargari,V,3-Feb,10,171,16.3,2.90%,58%
amargari,MA,3-Feb,10,81,8.1,3.20%,38%
amargari,AMD,1-Feb,10,37,3.7,22.00%,47%
amargari,GILD,8-Feb,10,111,11.1,6.80%,49%
amargari,CRM,1-Mar,10,199,19.9,3.60%,56%
amargari,JPM,14-Jan,9,112,12.4,7.10%,62%
amargari,TSLA,2-Feb,9,68,7.6,24.00%,55%
amargari,INTC,26-Jan,9,198,22,6.50%,66%
amargari,IBM,24-Jan,9,120,13.3,2.60%,50%
amargari,BABA,2-Feb,9,106,11.8,11.60%,55%
amargari,MU,20-Dec,8,36,4.5,22.20%,52%
amargari,SBUX,27-Jan,8,26,3.3,4.20%,37%
amargari,BKNG,2-Mar,8,111,13.9,6.40%,57%
amargari,MSFT,27-Jan,8,192,24,4.40%,68%
amargari,AMBA,3-Mar,8,-34,-4.3,16.10%,27%
amargari,ORCL,9-Dec,7,22,3.1,3.40%,45%
amargari,CMG,8-Feb,7,41,5.9,14.80%,53%
amargari,HD,22-Feb,7,152,21.7,3.00%,67%
amargari,NFLX,18-Jan,7,84,12,7.80%,62%
amargari,NXPI,2-Feb,7,-25,-3.6,6.90%,28%
amargari,DIS,8-Feb,7,69,9.9,12.20%,50%
Analyst_8972469,OXY,15-Feb,1,15,15,50.70%,65%
Analyst_7537221,ROK,26-Jan,4,16,4,8.20%,32%
Analyst_7537221,AMD,1-Feb,3,101,33.7,3.80%,74%
Analyst_7537221,NVDA,17-Feb,2,65,32.5,4.70%,66%
Analyst_7537221,MSFT,27-Jan,2,-3,-1.5,9.10%,36%
Analyst_7537221,GOOGL,2-Feb,2,-14,-7,20.70%,39%
Analyst_7537221,SBUX,27-Jan,2,0,0,6.40%,48%
Analyst_7537221,DIS,8-Feb,1,24,24,50.80%,53%
Analyst_7537221,DKS,8-Mar,1,18,18,26.10%,54%
Analyst_7537221,AMZN,3-Feb,1,19,19,25.80%,39%
Analyst_7537221,OXY,15-Feb,1,-12,-12,54.20%,30%
Analyst_7537221,COF,25-Jan,1,5,5,30.50%,26%
Analyst_7537221,JPM,14-Jan,1,34,34,3.90%,79%
Analyst_7537221,FDX,16-Dec,1,19,19,4.20%,68%
Analyst_7537221,AAPL,1-Feb,1,-7,-7,11.90%,45%
Analyst_7537221,QCOM,2-Feb,1,17,17,1.70%,69%
Analyst_7537221,CSCO,16-Feb,1,8,8,1.40%,45%
Analyst_7537221,FB,2-Feb,1,-6,-6,12.30%,52%
Analyst_7537221,TWTR,10-Feb,1,22,22,12.60%,62%
Analyst_7537221,MRVL,10-Mar,1,5,5,3.80%,32%
Analyst_7537221,MU,20-Dec,1,24,24,4.30%,59%
Analyst_7537221,TXN,26-Jan,1,-29,-29,20.90%,1%
Analyst_7537221,V,3-Feb,1,20,20,5.30%,50%
Analyst_7537221,GPN,16-Feb,1,21,21,4.40%,63%
Analyst_7537221,ATVI,10-Feb,1,32,32,6.20%,74%
Analyst_7537221,ADBE,16-Dec,1,35,35,3.90%,84%
Analyst_7537221,CRM,1-Mar,1,18,18,12.00%,48%
Analyst_7537221,NEE,28-Jan,1,22,22,13.40%,64%
Analyst_7537221,CX,10-Feb,1,20,20,53.10%,69%
Analyst_7537221,MCFT,10-Feb,1,30,30,15.80%,70%
Analyst_7537221,WMT,17-Feb,1,-10,-10,7.30%,24%
Analyst_1195762,OXY,15-Feb,3,-6,-2,45.50%,49%
Analyst_1195762,BA,26-Jan,2,18,9,51.80%,63%
Analyst_8385453,OXY,15-Feb,4,-55,-13.8,40.20%,26%
Analyst_7053330,HUN,16-Feb,1,28,28,6.30%,76%
Analyst_7053330,OXY,15-Feb,1,34,34,14.60%,87%
Analyst_7053330,GE,27-Jan,1,-6,-6,52.40%,57%
Analyst_9753755,OXY,15-Feb,1,11,11,43.40%,64%
Analyst_6222748,OXY,15-Feb,1,-8,-8,58.80%,32%
Analyst_5619558,OXY,15-Feb,1,-8,-8,58.80%,32%
Analyst_3670895,OXY,15-Feb,1,-8,-8,58.80%,32%
Analyst_8237749,OXY,15-Feb,1,-8,-8,58.80%,32%
Lyubo,OXY,15-Feb,1,-8,-8,58.80%,32%
omni,OXY,15-Feb,1,-8,-8,58.80%,32%
Analyst_5692657,OXY,15-Feb,1,-8,-8,58.80%,32%
shawncooney,OXY,15-Feb,1,-8,-8,58.80%,32%
Analyst_1404862,OXY,15-Feb,1,-8,-8,58.80%,32%
Analyst_4687655,OXY,15-Feb,1,-8,-8,58.80%,32%
Analyst_8523063,OXY,15-Feb,1,-8,-8,58.80%,32%
Mgspooner,OXY,15-Feb,1,-8,-8,58.80%,32%
Jefferies_57,OXY,15-Feb,1,-8,-8,58.80%,32%
Oppenheimer_66,OXY,15-Feb,1,-8,-8,58.80%,32%
Needham_14,OXY,15-Feb,1,-8,-8,58.80%,32%
Oppenheimer_11,OXY,15-Feb,1,-8,-8,58.80%,32%
Oppenheimer_50,OXY,15-Feb,1,-8,-8,58.80%,32%
binartech,OXY,15-Feb,1,-8,-8,58.80%,32%
Analyst_5274415,OXY,15-Feb,1,-8,-8,58.80%,32%
Analyst_8786923,OXY,15-Feb,1,-8,-8,58.80%,32%
Analyst_291253,OXY,15-Feb,1,-8,-8,58.80%,32%
Analyst_579194,OXY,15-Feb,1,-8,-8,58.80%,32%
riccardo_m,OXY,15-Feb,1,-8,-8,58.80%,32%
Finance_bro,OXY,15-Feb,1,-8,-8,58.80%,32%
rgstocks,OXY,15-Feb,1,-8,-8,58.80%,32%
Cwill,OXY,15-Feb,1,-8,-8,58.80%,32%
Nils1975,OXY,15-Feb,1,-8,-8,58.80%,32%
Analyst_8776243,OXY,15-Feb,1,-8,-8,58.80%,32%
ED_ETT_2109695,OXY,15-Feb,1,-8,-8,58.80%,32%
rsreina,OXY,15-Feb,1,-8,-8,58.80%,32%
Analyst_1536505,OXY,15-Feb,1,-8,-8,58.80%,32%
Knute,OXY,15-Feb,1,-8,-8,58.80%,32%
Analyst_8532270,OXY,15-Feb,1,-8,-8,58.80%,32%
kerryburrell,OXY,15-Feb,1,-8,-8,58.80%,32%
Analyst_6693836,OXY,15-Feb,1,-8,-8,58.80%,32%
Analyst_7902306,OXY,15-Feb,1,-8,-8,58.80%,32%
Helsou,OXY,15-Feb,1,-8,-8,58.80%,32%
Analyst_1371755,OXY,15-Feb,1,-8,-8,58.80%,32%
BirdT,OXY,15-Feb,1,-8,-8,58.80%,32%
dalarcon00,OXY,15-Feb,1,-8,-8,58.80%,32%
tzhang042,OXY,15-Feb,1,-8,-8,58.80%,32%
Analyst_2781059,OXY,15-Feb,1,-8,-8,58.80%,32%
ABDULAZIZ,OXY,15-Feb,1,-8,-8,58.80%,32%
DF_5082802,OXY,15-Feb,1,-8,-8,58.80%,32%
Vts,OXY,15-Feb,1,-8,-8,58.80%,32%
Analyst_4911374,OXY,15-Feb,1,-8,-8,58.80%,32%
hood16,OXY,15-Feb,1,-8,-8,58.80%,32%
PolishPrince,OXY,15-Feb,1,-8,-8,58.80%,32%
DoctorZed,OXY,15-Feb,1,-8,-8,58.80%,32%
Roth_14,FANG,15-Feb,24,26,1.1,20.20%,47%
Roth_14,WTI,2-Mar,14,165,11.8,37.90%,49%
Roth_14,TALO,16-Mar,13,26,2,36.20%,45%
Roth_14,CPE,2-Mar,13,7,0.5,12.90%,37%
Roth_14,NOG,2-Mar,4,14,3.5,35.50%,60%
benjenholdings,EGHT,27-Jan,15,243,16.2,18.10%,56%
benjenholdings,NFLX,18-Jan,14,169,12.1,9.40%,59%
benjenholdings,JNJ,25-Jan,13,267,20.5,3.00%,58%
benjenholdings,AAL,27-Jan,12,65,5.4,9.10%,48%
benjenholdings,MS,20-Jan,12,213,17.8,10.80%,55%
benjenholdings,AXP,20-Jan,12,108,9,13.70%,54%
benjenholdings,C,14-Jan,12,180,15,9.70%,60%
benjenholdings,VZ,25-Jan,12,123,10.3,2.20%,56%
benjenholdings,CSX,18-Jan,12,192,16,3.20%,65%
benjenholdings,WFC,14-Jan,12,27,2.3,8.40%,51%
benjenholdings,JPM,14-Jan,12,188,15.7,7.90%,59%
benjenholdings,CP,26-Jan,12,51,4.3,5.20%,54%
benjenholdings,FB,2-Feb,12,209,17.4,8.60%,56%
benjenholdings,T,26-Jan,12,205,17.1,2.20%,68%
benjenholdings,GS,18-Jan,12,91,7.6,16.10%,47%
benjenholdings,IBM,24-Jan,12,100,8.3,2.30%,58%
benjenholdings,AAPL,1-Feb,12,163,13.6,6.20%,63%
benjenholdings,EBAY,2-Feb,11,279,25.4,2.40%,64%
benjenholdings,ZG,10-Feb,11,220,20,25.50%,59%
benjenholdings,TSLA,2-Feb,11,206,18.7,23.90%,68%
benjenholdings,BAC,18-Jan,11,110,10,11.10%,42%
benjenholdings,TWTR,10-Feb,11,158,14.4,24.20%,59%
benjenholdings,XOM,1-Feb,11,222,20.2,16.00%,67%
benjenholdings,SBUX,27-Jan,11,133,12.1,5.10%,65%
benjenholdings,FDX,16-Dec,11,62,5.6,8.20%,48%
benjenholdings,AMZN,3-Feb,11,184,16.8,21.10%,64%
benjenholdings,DPZ,24-Feb,11,111,10.1,4.90%,52%
benjenholdings,UAL,18-Jan,11,173,15.7,6.80%,57%
benjenholdings,GILD,8-Feb,11,177,16.1,7.10%,65%
benjenholdings,MDRX,17-Feb,11,144,13.1,9.60%,46%
BillB1210,AAPL,1-Feb,30,484,16.1,4.40%,63%
BillB1210,FB,2-Feb,28,546,19.5,6.30%,62%
BillB1210,DIS,8-Feb,27,352,13,12.00%,65%
BillB1210,MSFT,27-Jan,26,560,21.5,4.90%,65%
BillB1210,CRM,1-Mar,26,632,24.3,6.80%,64%
BillB1210,CSCO,16-Feb,26,579,22.3,1.40%,62%
BillB1210,TWTR,10-Feb,25,310,12.4,18.50%,57%
BillB1210,NKE,20-Dec,25,505,20.2,7.60%,69%
BillB1210,CMG,8-Feb,25,384,15.4,7.40%,62%
BillB1210,EBAY,2-Feb,25,334,13.4,2.50%,57%
BillB1210,NFLX,18-Jan,24,262,10.9,9.30%,61%
BillB1210,LULU,9-Dec,24,458,19.1,6.30%,67%
BillB1210,HD,22-Feb,24,436,18.2,3.20%,64%
BillB1210,ORCL,9-Dec,24,405,16.9,2.40%,63%
BillB1210,AMZN,3-Feb,24,453,18.9,19.30%,68%
BillB1210,UAA,15-Feb,24,380,15.8,19.30%,61%
BillB1210,IBM,24-Jan,23,264,11.5,2.00%,60%
BillB1210,VIPS,23-Feb,23,202,8.8,9.20%,62%
BillB1210,V,3-Feb,23,413,18,2.30%,65%
BillB1210,CMCSA,27-Jan,23,427,18.6,3.20%,61%
BillB1210,SWBI,3-Mar,23,274,11.9,19.70%,60%
BillB1210,LOW,23-Feb,23,220,9.6,5.30%,56%
BillB1210,IAC,2-Feb,23,273,11.9,26.70%,49%
BillB1210,PZZA,22-Feb,23,253,11,9.90%,59%
BillB1210,WEN,24-Feb,23,200,8.7,9.50%,52%
BillB1210,FDX,16-Dec,23,308,13.4,6.00%,59%
BillB1210,MCD,24-Jan,23,324,14.1,3.40%,59%
BillB1210,BKNG,2-Mar,23,394,17.1,9.10%,64%
BillB1210,SBUX,27-Jan,23,319,13.9,3.90%,62%
BillB1210,HPQ,23-Feb,23,430,18.7,4.10%,63%
Analyst_8049250,WTI,2-Mar,1,9,9,53.00%,69%
Medic2525,SLB,21-Jan,8,178,22.3,9.60%,60%
Medic2525,INTC,26-Jan,8,129,16.1,8.90%,63%
Medic2525,HAL,24-Jan,8,117,14.6,12.30%,62%
Medic2525,NXPI,2-Feb,8,172,21.5,12.80%,61%
Medic2525,JNPR,1-Feb,8,81,10.1,2.90%,51%
Medic2525,ARLP,31-Jan,8,18,2.3,24.90%,58%
Medic2525,AMD,1-Feb,8,150,18.8,6.70%,65%
Medic2525,MCD,24-Jan,7,-1,-0.1,5.30%,48%
Medic2525,CR,31-Jan,7,11,1.6,12.80%,40%
Medic2525,STX,27-Jan,7,54,7.7,4.80%,47%
Medic2525,PII,1-Feb,7,128,18.3,10.10%,60%
Medic2525,CSX,18-Jan,7,93,13.3,2.40%,64%
Medic2525,AAPL,1-Feb,7,188,26.9,7.80%,71%
Medic2525,TWTR,10-Feb,7,47,6.7,24.50%,52%
Medic2525,BAC,18-Jan,7,123,17.6,8.20%,60%
Medic2525,BRO,24-Jan,7,107,15.3,6.70%,55%
Medic2525,MRK,3-Feb,7,106,15.1,7.40%,66%
Medic2525,TSCO,2-Feb,7,136,19.4,8.20%,60%
Medic2525,BKR,20-Jan,7,98,14,29.50%,67%
Medic2525,NOV,3-Feb,7,22,3.1,40.50%,42%
Medic2525,PPG,20-Jan,7,56,8,7.60%,55%
Medic2525,GNTX,28-Jan,7,12,1.7,15.80%,56%
Medic2525,TSLA,2-Feb,7,128,18.3,22.90%,65%
Medic2525,LVS,26-Jan,7,117,16.7,18.00%,69%
Medic2525,ALK,27-Jan,7,62,8.9,7.70%,66%
Medic2525,SAVE,8-Feb,7,43,6.1,20.90%,52%
Medic2525,JJSF,24-Jan,7,69,9.9,21.80%,53%
Medic2525,ALV,28-Jan,7,55,7.9,9.20%,47%
Medic2525,HXL,26-Jan,7,22,3.1,33.80%,52%
Medic2525,LRCX,26-Jan,7,204,29.1,3.40%,64%
Analyst_4544960,PDCE,2-Mar,21,182,8.7,51.10%,49%
Analyst_4544960,MTDR,23-Feb,21,175,8.3,31.10%,51%
Analyst_4544960,CLR,23-Feb,21,73,3.5,29.70%,45%
Analyst_4544960,MRO,16-Feb,21,-42,-2,36.90%,40%
Analyst_4544960,SM,23-Feb,21,168,8,40.50%,53%
Analyst_4544960,APA,24-Feb,21,-72,-3.4,43.70%,29%
Analyst_4544960,FANG,15-Feb,21,191,9.1,25.30%,49%
Analyst_4544960,NOG,2-Mar,20,70,3.5,49.60%,45%
Analyst_4544960,WTI,2-Mar,18,14,0.8,47.40%,34%
Analyst_4544960,AXAS,7-May,17,59,3.5,44.00%,47%
Analyst_4544960,EQT,17-Feb,17,36,2.1,45.40%,36%
Analyst_4544960,DVN,15-Feb,17,-278,-15.9,48.00%,6%
Analyst_4544960,CPE,2-Mar,17,43,2.5,24.00%,47%
Analyst_4544960,PXD,8-Feb,16,-129,-7.8,38.00%,16%
Analyst_4544960,RRC,23-Feb,16,76,4.8,35.10%,33%
Analyst_4544960,CRK,24-Feb,15,-46,-3.1,40.70%,25%
Analyst_4544960,TALO,16-Mar,15,35,2.3,49.10%,40%
Analyst_4544960,SWN,24-Feb,14,30,2.1,29.50%,41%
Analyst_4544960,AR,16-Feb,14,-106,-7.6,27.70%,21%
Analyst_4544960,LPI,16-Feb,12,18,1.5,20.90%,26%
Analyst_4544960,CDEV,28-Feb,11,-10,-0.9,47.90%,38%
Analyst_4544960,CIVI,8-Feb,5,50,10,27.20%,55%
R_C12R,AMD,1-Feb,19,371,19.5,14.00%,67%
R_C12R,MU,20-Dec,18,392,21.8,7.40%,66%
R_C12R,CSCO,16-Feb,16,257,16.1,1.40%,60%
R_C12R,SWBI,3-Mar,16,228,14.3,19.10%,52%
R_C12R,NFLX,18-Jan,15,279,18.6,11.00%,63%
R_C12R,INTC,26-Jan,15,286,19.1,6.50%,63%
R_C12R,AAPL,1-Feb,14,330,23.6,3.90%,65%
R_C12R,TWTR,10-Feb,14,175,12.5,20.20%,51%
R_C12R,AVAV,8-Mar,13,177,13.6,23.50%,58%
R_C12R,ADBE,16-Dec,13,304,23.4,2.30%,61%
R_C12R,NVDA,17-Feb,13,285,21.9,9.80%,64%
R_C12R,DDD,2-Mar,12,157,13.1,29.70%,62%
R_C12R,TXN,26-Jan,12,208,17.3,6.40%,56%
R_C12R,AMAT,16-Feb,12,253,21.1,2.90%,60%
R_C12R,BB,16-Dec,12,140,11.7,43.20%,59%
R_C12R,KBH,12-Jan,12,158,13.2,9.60%,53%
R_C12R,MSFT,27-Jan,12,272,22.7,5.10%,60%
R_C12R,AIR,21-Dec,12,204,17,15.00%,62%
R_C12R,FB,2-Feb,12,214,17.8,7.10%,60%
R_C12R,ORCL,9-Dec,11,246,22.4,1.60%,66%
R_C12R,GPRO,3-Feb,11,93,8.5,29.40%,60%
R_C12R,DAL,18-Jan,11,23,2.1,13.10%,53%
R_C12R,LRCX,26-Jan,11,183,16.6,3.90%,53%
R_C12R,UCTT,23-Feb,11,230,20.9,8.10%,66%
R_C12R,MNDT,10-Feb,11,202,18.4,29.60%,55%
R_C12R,PYPL,2-Feb,11,217,19.7,2.70%,62%
R_C12R,HPQ,23-Feb,10,170,17,5.30%,59%
R_C12R,LMT,1-Feb,10,188,18.8,5.40%,57%
R_C12R,AMZN,3-Feb,10,168,16.8,17.20%,63%
R_C12R,WOLF,25-Jan,10,155,15.5,11.80%,52%
GHS_21,CLR,23-Feb,11,-51,-4.6,40.60%,28%
GHS_21,WTI,2-Mar,11,5,0.5,46.10%,35%
GHS_21,NOG,2-Mar,10,-48,-4.8,52.10%,17%
GHS_21,TALO,16-Mar,10,-77,-7.7,50.10%,22%
GHS_21,PXD,8-Feb,10,-162,-15.4,42.90%,12%
GHS_21,APA,24-Feb,10,-236,-23.6,54.20%,3%
GHS_21,DVN,15-Feb,10,-132,-13.2,52.90%,12%
GHS_21,MRO,16-Feb,10,-175,-17.5,53.20%,7%
GHS_21,AXAS,7-May,7,-16,-2.3,57.70%,26%
Cantor_22,ICPT,24-Feb,13,72,5.5,20.00%,43%
Cantor_22,ALNY,10-Feb,13,26,2,23.00%,42%
Cantor_22,SRPT,2-Mar,13,181,13.9,12.50%,64%
Cantor_22,PTCT,2-Mar,13,1,0.1,34.10%,30%
Cantor_22,PBYI,3-Mar,13,70,5.4,47.00%,43%
Cantor_22,TGTX,9-Mar,11,-11,-1,56.50%,35%
Cantor_22,XNCR,1-Mar,11,-69,-6.3,75.70%,23%
Cantor_22,SPPI,9-Mar,10,130,12.4,18.90%,60%
Cantor_22,ARNA,1-Mar,9,71,7.9,32.70%,46%
Cantor_22,INCY,17-Feb,9,54,5.7,23.20%,47%
Cantor_22,GILD,8-Feb,9,28,2.9,9.50%,51%
Cantor_22,BIIB,27-Jan,9,69,7.7,9.50%,42%
Cantor_22,REGN,10-Feb,8,49,5.8,13.40%,46%
Cantor_22,AGIO,17-Feb,8,-18,-2.3,46.10%,30%
Cantor_22,VRTX,2-Feb,8,71,8.4,12.90%,49%
Cantor_22,AMGN,3-Feb,8,81,9.5,6.30%,43%
Cantor_22,VSTM,15-Mar,8,140,17.5,35.70%,60%
Cantor_22,FATE,7-Mar,7,155,22.1,27.10%,64%
Cantor_22,ARVN,29-Mar,7,39,5.6,34.70%,63%
Cantor_22,ARWR,9-Feb,7,35,5,43.60%,59%
Cantor_22,ASND,6-Apr,7,12,1.7,63.80%,36%
Cantor_22,GBT,2-Mar,7,24,3.4,20.70%,46%
Cantor_22,FISV,9-Feb,7,-80,-11.4,8.20%,24%
Cantor_22,FIS,8-Feb,7,-170,-24.3,11.50%,7%
Cantor_22,MA,3-Feb,7,-47,-6.7,12.30%,20%
Cantor_22,GPN,16-Feb,7,-202,-28.9,13.40%,6%
Cantor_22,MELI,24-Feb,7,-162,-23.1,62.90%,4%
Cantor_22,ZIOP,24-Feb,7,35,5,11.10%,72%
Cantor_22,FVRR,23-Feb,6,-172,-28.7,66.00%,7%
Cantor_22,ZM,9-Mar,6,-192,-32,44.90%,2%
Needham_45,ALNY,10-Feb,1,-16,-10.7,24.70%,16%
Needham_45,NBIX,8-Feb,1,17,11.3,60.90%,77%
Needham_45,VRTX,2-Feb,1,-44,-29.3,48.60%,0%
Needham_45,GILD,8-Feb,1,4,2.7,15.80%,32%
Needham_45,ACAD,1-Mar,1,10,6.7,45.70%,38%
Needham_45,ICPT,24-Feb,1,21,14,70.80%,70%
Needham_45,ARNA,1-Mar,1,-8,-8,17.30%,35%
Needham_45,CARA,10-Mar,1,-12,-8,45.50%,47%
Needham_45,LXRX,3-Mar,1,14,9.3,14.40%,47%
Needham_45,TBPH,28-Feb,1,8,5.3,22.10%,60%
Needham_45,MRNA,9-Mar,1,-13,-8.7,26.10%,45%
Needham_45,CRSP,11-Mar,1,20,13.3,6.00%,86%
Analyst_1561047,KPTI,17-Mar,5,19,3.8,21.30%,42%
Analyst_1561047,NVCR,24-Feb,4,52,13,36.50%,70%
Analyst_1561047,EXEL,28-Feb,4,-36,-9,41.30%,17%
Analyst_1561047,ABBV,28-Jan,4,76,19,1.90%,55%
Analyst_1561047,GILD,8-Feb,4,43,10.8,6.60%,44%
Analyst_1561047,BMY,4-Feb,3,22,7.3,3.70%,48%
Analyst_1561047,FB,2-Feb,3,87,29,5.60%,83%
Analyst_1561047,BLUE,23-Feb,3,-54,-18,46.70%,20%
Analyst_1561047,T,26-Jan,3,32,10.7,5.40%,56%
Analyst_1561047,VRTX,2-Feb,3,111,37,2.20%,83%
Analyst_1561047,NKTR,3-Mar,3,30,10,8.60%,57%
Analyst_1561047,BABA,2-Feb,2,-7,-3.5,23.80%,24%
Analyst_1561047,SGMO,3-Mar,2,48,24,4.40%,83%
Analyst_1561047,MO,27-Jan,2,-17,-8.5,2.80%,27%
Analyst_1561047,XOM,1-Feb,2,-21,-10.5,52.80%,42%
Analyst_1561047,BPMC,11-Mar,2,19,9.5,31.90%,60%
Analyst_1561047,INTC,26-Jan,2,38,19,13.80%,56%
Analyst_1561047,IBM,24-Jan,2,11,5.5,13.30%,46%
Analyst_1561047,CRM,1-Mar,2,57,28.5,3.20%,88%
Analyst_1561047,AMRN,1-Mar,2,-8,-3.2,66.10%,23%
Analyst_1561047,AMZN,3-Feb,2,21,10.5,7.40%,63%
Analyst_1561047,SAGE,23-Feb,2,7,3.5,24.50%,44%
Analyst_1561047,GOOGL,2-Feb,2,67,33.5,7.50%,88%
Analyst_1561047,CVS,9-Feb,2,-47,-23.5,21.50%,11%
Analyst_1561047,WFC,14-Jan,2,3,1.5,19.40%,40%
Analyst_1561047,ICPT,24-Feb,2,31,15.5,12.30%,74%
Analyst_1561047,MRTX,10-Mar,1,31,31,57.40%,87%
Analyst_1561047,VLO,3-Feb,1,0,0,58.40%,22%
Analyst_1561047,C,14-Jan,1,4,4,12.30%,51%
Analyst_1561047,INCY,17-Feb,1,-30,-30,32.50%,1%
Analyst_5060911,NVDA,17-Feb,4,-101,-25.3,25.50%,5%
Analyst_5060911,ARNA,1-Mar,3,-1,-0.3,57.10%,30%
Needham_5,ALNY,10-Feb,25,8,0.3,31.00%,32%
Needham_5,GILD,8-Feb,23,5,0.2,11.70%,30%
Needham_5,ACAD,1-Mar,22,360,16.4,20.10%,67%
Needham_5,ICPT,24-Feb,18,186,10.3,16.20%,52%
Needham_5,VRTX,2-Feb,17,-256,-15.1,33.00%,7%
Needham_5,CARA,10-Mar,15,192,12.8,35.70%,55%
Needham_5,NBIX,8-Feb,15,153,9.9,30.70%,55%
Needham_5,ARNA,1-Mar,15,96,6.2,38.00%,61%
Needham_5,LXRX,3-Mar,15,145,9.7,41.50%,52%
Needham_5,RGLS,9-Mar,15,143,9.5,55.10%,59%
Needham_5,TBPH,28-Feb,14,71,4.9,28.90%,43%
Needham_5,TRVN,9-Mar,4,73,18.3,42.60%,77%
Needham_5,MRNA,9-Mar,1,56,37.3,7.80%,95%
Needham_5,CRSP,11-Mar,0,-2,-4,16.00%,67%
Momocow,BX,27-Jan,4,98,24.5,12.40%,78%
Momocow,CAT,27-Jan,4,68,17,10.20%,64%
Momocow,CVX,28-Jan,4,96,24,18.70%,74%
Momocow,ISRG,27-Jan,4,37,9.3,9.90%,49%
Momocow,LOGI,17-Jan,4,101,25.3,13.70%,67%
Momocow,V,3-Feb,4,99,24.8,2.50%,67%
Momocow,TSM,13-Jan,4,5,1.3,1.80%,60%
Momocow,SSTK,24-Feb,3,66,22,10.40%,48%
Momocow,JNJ,25-Jan,3,48,16,3.80%,68%
Momocow,NFLX,18-Jan,3,12,4,9.40%,59%
Momocow,STX,27-Jan,3,85,28.3,2.80%,69%
Momocow,PLTR,15-Feb,3,72,24,14.00%,63%
Momocow,NVAX,28-Feb,3,58,19.3,32.00%,68%
Momocow,GRMN,23-Feb,3,59,19.7,11.60%,48%
Momocow,PHM,1-Feb,3,65,21.7,2.80%,62%
Momocow,ABBV,28-Jan,3,74,24.7,1.30%,59%
Momocow,FCX,27-Jan,3,-1,-0.3,4.50%,61%
Momocow,KNX,1-Feb,3,53,17.7,5.90%,69%
Momocow,AMAT,16-Feb,3,53,17.7,3.60%,60%
Momocow,LMT,1-Feb,3,20,6.7,6.30%,55%
Momocow,TDOC,2-Mar,3,13,4.3,20.50%,62%
Momocow,PINS,10-Feb,3,51,17,9.40%,63%
Momocow,TROW,2-Feb,3,64,21.3,2.30%,67%
Momocow,LHX,27-Jan,2,38,19,2.40%,63%
Momocow,MNST,2-Mar,2,41,20.5,5.50%,65%
Momocow,FB,2-Feb,2,12,6,10.60%,51%
Momocow,SCHW,19-Jan,2,49,24.5,2.70%,74%
Momocow,K,10-Feb,2,44,22,5.00%,54%
Momocow,WDC,27-Jan,2,37,18.5,8.60%,62%
Momocow,KKR,10-Feb,2,25,12.5,6.70%,62%
Catooch,ZUMZ,10-Mar,2,8,4,10.40%,39%
Catooch,VRNT,30-Mar,2,32,16,11.50%,27%
Catooch,JKS,1-Mar,2,31,15.5,50.80%,38%
Catooch,KR,3-Mar,2,45,22.5,5.80%,62%
Catooch,ZS,24-Feb,2,54,27,7.80%,63%
Catooch,LIN,17-Feb,1,29,29,1.20%,69%
Catooch,AVNT,1-Feb,1,17,17,2.60%,64%
Catooch,EXP,27-Jan,1,-5,-5,1.30%,54%
Catooch,BCPC,1-Mar,1,19,19,3.50%,20%
Catooch,WLK,22-Feb,1,20,20,10.20%,72%
Catooch,CE,2-Feb,1,27,27,2.80%,41%
Catooch,FMC,9-Feb,1,29,29,3.40%,73%
Catooch,ECL,22-Feb,1,21,21,2.80%,66%
Catooch,SCL,24-Feb,1,18,18,8.40%,31%
Catooch,LYB,4-Feb,1,8,8,9.90%,70%
Catooch,LPX,15-Feb,1,24,24,6.00%,73%
Catooch,IP,27-Jan,1,-8,-8,5.30%,35%
Catooch,SHW,27-Jan,1,14,14,1.60%,67%
Catooch,CLW,9-Feb,1,-8,-8,16.10%,67%
Catooch,CCK,9-Feb,1,21,21,0.80%,76%
Catooch,SON,10-Feb,1,28,28,1.50%,77%
Catooch,SEE,10-Feb,1,32,32,1.20%,83%
Catooch,SLGN,1-Feb,1,4,4,3.40%,33%
Catooch,ATR,16-Feb,1,10,10,2.00%,60%
Catooch,OI,8-Feb,1,9,9,4.70%,65%
Catooch,PKG,31-Jan,1,19,19,7.50%,54%
Catooch,AMCR,15-Feb,1,7,7,2.80%,45%
Catooch,GPK,17-Feb,1,7,7,6.60%,64%
Catooch,TROX,1-Mar,1,6,6,6.70%,45%
Catooch,EMN,27-Jan,1,6,6,1.90%,52%
GHS_41,TOL,22-Feb,2,22,11,10.90%,63%
GHS_41,LPX,15-Feb,1,-16,-16,15.80%,2%
GHS_41,PKG,31-Jan,1,8,8,14.70%,43%
GHS_41,GPK,17-Feb,1,11,11,10.70%,46%
GHS_41,KBH,12-Jan,1,-4,-4,4.20%,73%
GHS_41,LEN,15-Dec,1,-7,-7,16.80%,32%
GHS_41,PHM,1-Feb,1,11,7.3,1.70%,69%
GHS_41,DHI,25-Jan,1,-4,-4,9.40%,65%
GHS_41,IP,27-Jan,1,-6,-6,6.00%,56%
GHS_41,WRK,3-Feb,1,7,7,5.80%,62%
Suntrust_109,VMC,17-Feb,5,-24,-4.8,10.10%,36%
Suntrust_109,MLM,15-Feb,4,11,2.8,8.20%,56%
Suntrust_109,SUM,9-Feb,4,-33,-8.3,15.80%,14%
Suntrust_109,FRTA,30-Mar,4,56,14,28.80%,46%
Suntrust_109,PHM,1-Feb,2,-5,-2.5,4.90%,62%
Suntrust_109,TOL,22-Feb,2,9,3.6,24.10%,26%
Suntrust_109,DHI,25-Jan,2,-39,-19.5,30.20%,10%
Suntrust_109,KBH,12-Jan,2,-67,-33.5,37.30%,4%
Suntrust_109,LEN,15-Dec,2,-24,-12,40.20%,21%
Suntrust_38,MLM,15-Feb,21,73,3.5,12.40%,37%
Suntrust_38,VMC,17-Feb,21,50,2.4,10.00%,43%
Suntrust_38,FRTA,30-Mar,9,175,18.4,4.10%,72%
Suntrust_38,SUM,9-Feb,9,211,22.3,4.70%,64%
Suntrust_38,TOL,22-Feb,5,13,2.6,20.80%,37%
Suntrust_38,PHM,1-Feb,4,-86,-19.1,32.30%,10%
Suntrust_38,DHI,25-Jan,4,-68,-15.1,32.10%,5%
Suntrust_38,KBH,12-Jan,4,-55,-12.2,28.70%,15%
Suntrust_38,LEN,15-Dec,4,-18,-4,39.40%,14%
Analyst_2906477,PHM,1-Feb,1,-5,-5,5.00%,52%
Analyst_1802116,PHM,1-Feb,1,17,17,3.60%,86%
suburbanaces,AMD,1-Feb,2,57,28.5,4.60%,67%
suburbanaces,BABA,2-Feb,2,32,16,20.70%,43%
suburbanaces,CCK,9-Feb,1,12,12,7.50%,77%
suburbanaces,KHC,17-Feb,1,30,30,2.00%,71%
suburbanaces,MDLZ,2-Feb,1,13,13,7.70%,33%
suburbanaces,HLF,24-Feb,1,29,29,7.10%,53%
suburbanaces,SKX,10-Feb,1,26,26,10.00%,84%
suburbanaces,LYV,24-Feb,1,44,44,4.20%,83%
suburbanaces,UAA,15-Feb,1,25,25,24.50%,67%
suburbanaces,DECK,3-Feb,1,20,20,53.60%,56%
suburbanaces,TSLA,2-Feb,1,-8,-8,24.30%,31%
suburbanaces,HOG,1-Feb,1,19,19,5.30%,46%
suburbanaces,F,27-Jan,1,9,9,53.90%,45%
suburbanaces,GM,1-Feb,1,1,1,20.20%,32%
suburbanaces,BWA,10-Feb,1,23,23,6.40%,58%
suburbanaces,SAM,23-Feb,1,-10,-10,42.40%,10%
suburbanaces,SIRI,1-Feb,1,21,21,11.80%,61%
suburbanaces,CMCSA,27-Jan,1,21,21,7.30%,64%
suburbanaces,WW,1-Mar,1,-7,-7,31.30%,41%
suburbanaces,IRBT,9-Feb,1,6,6,21.40%,63%
suburbanaces,PHM,1-Feb,1,12,12,4.30%,74%
suburbanaces,WHR,26-Jan,1,33,33,2.90%,71%
suburbanaces,IMAX,24-Feb,1,35,35,24.70%,92%
suburbanaces,MAT,2-Feb,1,28,28,39.40%,66%
suburbanaces,MLCO,24-Feb,1,-8,-8,22.30%,46%
suburbanaces,PII,1-Feb,1,11,11,5.90%,62%
suburbanaces,JACK,23-Feb,1,5,5,11.00%,36%
suburbanaces,MGM,17-Feb,1,5,5,52.60%,42%
suburbanaces,PKG,31-Jan,1,27,27,6.80%,88%
suburbanaces,SBUX,27-Jan,1,5,5,11.50%,44%
Ocelogic,NVDA,17-Feb,8,203,25.4,5.80%,66%
Ocelogic,CAMP,21-Dec,7,75,10.7,10.00%,59%
Ocelogic,MTN,9-Dec,7,55,7.9,5.50%,55%
Ocelogic,NFLX,18-Jan,6,64,10.7,15.00%,62%
Ocelogic,DRI,17-Dec,6,97,16.2,5.40%,60%
Ocelogic,CASY,7-Mar,6,72,12,5.80%,61%
Ocelogic,FB,2-Feb,6,101,16.8,7.40%,62%
Ocelogic,DG,17-Mar,6,120,20,3.50%,58%
Ocelogic,NKE,20-Dec,6,106,17.7,5.10%,65%
Ocelogic,PLAY,29-Mar,6,112,18.7,17.40%,68%
Ocelogic,MU,20-Dec,6,65,10.8,11.70%,65%
Ocelogic,ADBE,16-Dec,6,89,14.8,2.40%,59%
Ocelogic,COST,9-Dec,6,24,4,3.40%,56%
Ocelogic,STZ,6-Jan,6,33,5.5,4.60%,38%
Ocelogic,FDX,16-Dec,5,68,13.6,2.50%,59%
Ocelogic,AYI,12-Jan,5,51,10.2,4.70%,66%
Ocelogic,URI,26-Jan,5,89,17.8,3.90%,59%
Ocelogic,VEEV,1-Mar,5,164,32.8,2.60%,82%
Ocelogic,DLTR,2-Mar,5,77,15.4,3.40%,63%
Ocelogic,AVAV,8-Mar,5,38,7.6,40.00%,55%
Ocelogic,CIEN,9-Dec,5,24,4.8,5.70%,46%
Ocelogic,CONN,29-Mar,5,20,4,37.20%,42%
Ocelogic,RH,29-Mar,5,117,23.4,13.40%,74%
Ocelogic,PLCE,8-Mar,5,73,14.6,22.60%,71%
Ocelogic,THO,7-Mar,5,19,3.8,10.20%,53%
Ocelogic,CAG,6-Jan,5,72,14.4,4.50%,63%
Ocelogic,SJM,23-Feb,5,82,16.4,6.40%,68%
Ocelogic,CNR,2-Mar,5,112,22.4,21.70%,62%
Ocelogic,SWBI,3-Mar,5,112,22.4,7.90%,62%
Ocelogic,BIG,4-Mar,5,51,10.2,25.30%,54%
Analyst_389178,PHM,1-Feb,1,17,17,4.70%,87%
Analyst_6452210,SNBR,16-Feb,3,55,18.3,20.30%,71%
Analyst_6452210,LEN,15-Dec,2,21,10.5,10.20%,64%
Analyst_6452210,GILD,8-Feb,2,-21,-10.5,21.80%,15%
Analyst_6452210,KMX,22-Dec,2,55,27.5,11.20%,73%
Analyst_6452210,MELI,24-Feb,2,-9,-4.5,55.00%,33%
Analyst_6452210,COST,9-Dec,2,38,19,7.80%,59%
Analyst_6452210,CWH,10-Mar,2,58,29,17.10%,81%
Analyst_6452210,LGIH,1-Mar,2,8,4,13.40%,53%
Analyst_6452210,GIS,21-Dec,2,69,34.5,2.40%,84%
Analyst_6452210,DHI,25-Jan,2,54,27,10.70%,80%
Analyst_6452210,DOCU,17-Mar,2,54,27,10.50%,80%
Analyst_6452210,MSFT,27-Jan,2,55,27.5,4.20%,78%
Analyst_6452210,WGO,17-Dec,1,8,8,11.50%,74%
Analyst_6452210,TSLA,2-Feb,1,6,6,56.70%,49%
Analyst_6452210,CAG,6-Jan,1,8,8,6.30%,58%
Analyst_6452210,THO,7-Mar,1,39,39,2.20%,89%
Analyst_6452210,NKE,20-Dec,1,5,5,32.70%,44%
Analyst_6452210,WBA,6-Jan,1,17,17,27.20%,64%
Analyst_6452210,CVS,9-Feb,1,2,2,13.00%,39%
Analyst_6452210,MHO,3-Feb,1,25,25,24.20%,89%
Analyst_6452210,PM,3-Feb,1,37,37,3.00%,88%
Analyst_6452210,WHR,26-Jan,1,28,28,25.10%,82%
Analyst_6452210,PII,1-Feb,1,-31,-31,19.80%,2%
Analyst_6452210,MAR,16-Feb,1,35,35,20.20%,66%
Analyst_6452210,LOW,23-Feb,1,-6,-6,17.10%,65%
Analyst_6452210,TOL,22-Feb,1,-16,-16,18.70%,13%
Analyst_6452210,AZO,1-Mar,1,-7,-7,5.70%,51%
Analyst_6452210,WMT,17-Feb,1,32,32,8.10%,77%
Analyst_6452210,PHM,1-Feb,1,15,15,3.30%,66%
Analyst_6452210,MTH,2-Feb,1,31,31,5.60%,88%
jean_acciari,MEI,3-Mar,4,45,11.3,16.30%,61%
jean_acciari,AVGO,9-Dec,4,27,6.8,2.80%,35%
jean_acciari,AMAT,16-Feb,4,74,18.5,5.30%,55%
jean_acciari,WMT,17-Feb,3,86,28.7,3.50%,80%
jean_acciari,DG,17-Mar,3,50,16.7,6.10%,60%
jean_acciari,DRI,17-Dec,3,6,2,18.30%,52%
jean_acciari,CACI,2-Feb,3,32,10.7,4.40%,62%
jean_acciari,KSU,21-Jan,3,-17,-5.7,4.50%,23%
jean_acciari,MHO,3-Feb,3,51,17,21.50%,71%
jean_acciari,NVDA,17-Feb,3,71,23.7,7.20%,69%
jean_acciari,FND,24-Feb,3,38,12.7,9.40%,50%
jean_acciari,ANTM,26-Jan,3,-1,-0.3,7.50%,35%
jean_acciari,UHAL,9-Feb,3,65,21.7,27.80%,60%
jean_acciari,VIVO,26-Jan,3,5,1.7,34.80%,57%
jean_acciari,LEN,15-Dec,3,65,21.7,9.60%,63%
jean_acciari,STZ,6-Jan,3,77,25.7,7.80%,71%
jean_acciari,JBHT,18-Jan,3,88,29.3,3.70%,82%
jean_acciari,NKE,20-Dec,3,29,9.7,6.50%,56%
jean_acciari,MKSI,1-Feb,3,78,26,7.60%,80%
jean_acciari,ADBE,16-Dec,3,48,16,3.60%,61%
jean_acciari,CNC,8-Feb,2,47,23.5,6.60%,52%
jean_acciari,GNTX,28-Jan,2,11,5.5,13.10%,44%
jean_acciari,UNH,18-Jan,2,-15,-7.5,12.00%,7%
jean_acciari,NEM,24-Feb,2,7,3.5,4.10%,57%
jean_acciari,ECPG,23-Feb,2,-4,-2,26.40%,38%
jean_acciari,WGO,17-Dec,2,53,26.5,21.80%,81%
jean_acciari,CAG,6-Jan,2,26,13,4.40%,63%
jean_acciari,HUM,2-Feb,2,13,6.5,21.30%,52%
jean_acciari,BABA,2-Feb,2,34,17,8.80%,60%
jean_acciari,VRTX,2-Feb,2,26,13,7.80%,74%
Analyst_3358941,UNH,18-Jan,3,37,12.3,1.20%,69%
Analyst_3358941,NVDA,17-Feb,3,62,20.7,14.00%,63%
Analyst_3358941,AAPL,1-Feb,3,47,15.7,8.30%,47%
Analyst_3358941,HON,28-Jan,3,39,13,2.30%,52%
Analyst_3358941,FB,2-Feb,3,24,8,12.90%,36%
Analyst_3358941,PG,25-Jan,2,11,5.5,2.50%,47%
Analyst_3358941,AMAT,16-Feb,2,62,31,1.90%,65%
Analyst_3358941,TWTR,10-Feb,2,52,26,2.80%,74%
Analyst_3358941,MMM,25-Jan,2,5,2.5,3.90%,50%
Analyst_3358941,AMD,1-Feb,2,5,2.5,7.20%,61%
Analyst_3358941,TSLA,2-Feb,2,-9,-4.5,21.70%,64%
Analyst_3358941,AMZN,3-Feb,2,22,11,16.30%,57%
Analyst_3358941,MA,3-Feb,2,55,27.5,1.70%,66%
Analyst_3358941,AXP,20-Jan,1,4,4,0.90%,39%
Analyst_3358941,BIIB,27-Jan,1,6,6,10.60%,52%
Analyst_3358941,PFE,1-Feb,1,4,4,2.20%,53%
Analyst_3358941,CAT,27-Jan,1,-13,-13,14.70%,7%
Analyst_3358941,DE,18-Feb,1,20,20,10.80%,53%
Analyst_3358941,WDC,27-Jan,1,16,16,18.30%,32%
Analyst_3358941,CSCO,16-Feb,1,-10,-10,2.50%,17%
Analyst_3358941,EBAY,2-Feb,1,22,22,4.00%,55%
Analyst_3358941,GOOGL,2-Feb,1,16,16,10.60%,33%
Analyst_3358941,INTC,26-Jan,1,35,35,5.20%,84%
Analyst_3358941,LRCX,26-Jan,1,28,28,2.70%,65%
Analyst_3358941,ADI,16-Feb,1,21,21,2.60%,60%
Analyst_3358941,TER,26-Jan,1,29,29,4.20%,62%
Analyst_3358941,IBM,24-Jan,1,7,7,2.00%,56%
Analyst_3358941,V,3-Feb,1,2,2,1.40%,29%
Analyst_3358941,ADBE,16-Dec,1,16,16,3.40%,43%
Analyst_3358941,WMT,17-Feb,1,27,27,2.70%,75%
Analyst_539247,PHM,1-Feb,1,-4,-4,5.60%,61%
Analyst_539247,BABA,2-Feb,1,-17,-17,11.20%,18%
GHS_24,TOL,22-Feb,9,-115,-12.8,23.00%,7%
GHS_24,LPX,15-Feb,8,53,6.6,35.50%,39%
GHS_24,KBH,12-Jan,7,-5,-0.7,15.60%,29%
GHS_24,DHI,25-Jan,7,44,6.3,14.40%,42%
GHS_24,PHM,1-Feb,6,-38,-6.3,10.50%,21%
GHS_24,IP,27-Jan,6,91,14,13.80%,44%
GHS_24,PKG,31-Jan,6,85,13.1,8.20%,49%
GHS_24,GPK,17-Feb,6,147,24.5,8.80%,67%
GHS_24,LEN,15-Dec,6,-3,-0.5,15.20%,33%
GHS_24,WRK,3-Feb,3,14,4.7,15.40%,44%
Dominantstock,AAPL,1-Feb,16,-125,-7.8,11.80%,20%
Dominantstock,JBT,22-Feb,16,73,4.6,10.10%,27%
Dominantstock,VEEV,1-Mar,15,-61,-4.1,8.70%,16%
Dominantstock,CAT,27-Jan,15,-254,-16.9,19.60%,13%
Dominantstock,BABA,2-Feb,15,23,1.5,11.70%,40%
Dominantstock,ALGN,3-Feb,15,-103,-6.9,26.00%,17%
Dominantstock,WB,2-Mar,15,-321,-20.7,17.50%,9%
Dominantstock,MOMO,15-Mar,15,-266,-17.7,28.00%,9%
Dominantstock,PANW,1-Mar,15,-70,-4.7,9.40%,18%
Dominantstock,RJF,26-Jan,14,-196,-13.5,14.40%,14%
Dominantstock,LRCX,26-Jan,14,-327,-23.4,14.60%,7%
Dominantstock,ANET,17-Feb,14,-153,-10.9,8.00%,13%
Dominantstock,AEIS,31-Jan,14,-180,-12.4,28.80%,21%
Dominantstock,LOPE,16-Feb,13,22,1.7,5.60%,29%
Dominantstock,EA,1-Feb,13,-125,-9.6,18.90%,17%
Dominantstock,MKSI,1-Feb,13,-247,-19,17.60%,8%
Dominantstock,YELP,9-Feb,13,-175,-13,43.20%,8%
Dominantstock,COHR,9-Feb,13,-218,-16.8,28.20%,15%
Dominantstock,AMAT,16-Feb,13,-158,-12.2,10.20%,12%
Dominantstock,SQ,2-Mar,12,63,5,24.70%,33%
Dominantstock,FANG,15-Feb,12,-204,-17,29.90%,11%
Dominantstock,ABMD,3-Feb,12,-172,-14.3,19.50%,19%
Dominantstock,BAC,18-Jan,12,-115,-9.6,19.90%,13%
Dominantstock,C,14-Jan,12,-49,-4.1,18.50%,23%
Dominantstock,FB,2-Feb,12,51,4.3,9.50%,41%
Dominantstock,DQ,8-Mar,11,-97,-8.9,33.70%,24%
Dominantstock,OLLI,6-Apr,11,21,1.9,12.60%,31%
Dominantstock,GRUB,10-Dec,11,-88,-8,44.40%,21%
Dominantstock,MTOR,2-Feb,11,40,3.6,12.80%,36%
Dominantstock,LGIH,1-Mar,10,-237,-23.7,21.10%,6%
Analyst_398345,DAL,18-Jan,4,-19,-4.8,51.10%,26%
Analyst_398345,WYNN,10-Feb,2,40,20,13.50%,65%
Analyst_398345,AMC,3-Mar,1,-6,-6,29.10%,53%
Analyst_398345,CCL,25-Jan,1,22,22,10.50%,69%
Analyst_398345,CAL,15-Mar,1,19,19,15.50%,47%
Analyst_398345,BIDU,24-Feb,1,10,10,6.80%,64%
Analyst_398345,MTRX,9-Feb,1,31,31,45.60%,71%
Analyst_398345,BAC,18-Jan,1,6,6,13.10%,56%
Analyst_398345,CAT,27-Jan,1,7,7,19.80%,41%
Analyst_398345,ORCL,9-Dec,1,-5,-5,3.10%,68%
Analyst_398345,SQ,2-Mar,1,-11,-11,41.70%,22%
Analyst_398345,TEAM,20-Jan,1,2,2,9.20%,27%
Analyst_398345,UNVR,23-Feb,1,6,6,12.20%,60%
Analyst_398345,PSMT,6-Jan,1,6,6,7.20%,66%
Analyst_398345,ROKU,24-Feb,1,-33,-33,57.40%,3%
Analyst_398345,NKE,20-Dec,1,5,5,27.70%,27%
andluger,AAOI,24-Feb,11,206,18.7,11.10%,66%
andluger,SWIR,22-Feb,8,34,4.3,29.80%,52%
andluger,NFLX,18-Jan,6,34,5.7,12.20%,49%
andluger,EMKR,8-Feb,6,-16,-2.7,34.20%,36%
andluger,DGII,3-Feb,6,132,22,6.60%,57%
andluger,CRNT,14-Feb,5,37,7.4,29.60%,57%
andluger,CRTO,16-Feb,5,112,22.4,14.20%,65%
andluger,IBM,24-Jan,4,17,4.3,2.20%,52%
andluger,MSFT,27-Jan,4,102,25.5,6.10%,74%
andluger,FFIV,26-Jan,4,-7,-1.8,3.80%,37%
andluger,CSCO,16-Feb,4,34,8.5,1.50%,55%
andluger,XLNX,26-Jan,3,28,9.3,5.00%,64%
andluger,OOMA,8-Mar,3,109,36.3,11.60%,73%
andluger,JACK,23-Feb,3,-1,-0.3,6.10%,34%
andluger,ROKU,24-Feb,3,42,14,37.30%,55%
andluger,RMBS,31-Jan,3,14,4.7,22.80%,53%
andluger,AMD,1-Feb,3,-15,-5,9.10%,54%
andluger,RBBN,16-Feb,3,26,8.7,12.60%,49%
andluger,MNDT,10-Feb,3,30,10,22.90%,41%
andluger,NOW,26-Jan,3,71,23.7,4.00%,63%
andluger,WDC,27-Jan,3,24,8,7.50%,66%
andluger,GOOGL,2-Feb,3,50,16.7,5.50%,73%
andluger,JNPR,1-Feb,3,54,18,4.10%,54%
andluger,SWKS,27-Jan,3,-1,-0.3,2.60%,45%
andluger,CSIQ,23-Mar,3,34,11.3,22.10%,64%
andluger,TTWO,9-Feb,2,5,2.5,26.30%,63%
andluger,TXN,26-Jan,2,43,21.5,2.70%,56%
andluger,BKNG,2-Mar,2,20,10,4.00%,58%
andluger,AMKR,14-Feb,2,9,4.5,24.70%,19%
andluger,LRCX,26-Jan,2,47,23.5,2.80%,64%
Suntrust_106,EA,1-Feb,5,80,16,12.80%,57%
Suntrust_106,NLSN,10-Feb,5,-1,-0.2,10.90%,29%
Suntrust_106,NFLX,18-Jan,5,16,3.2,9.10%,63%
Suntrust_106,CRTO,16-Feb,5,66,13.2,16.10%,36%
Suntrust_106,ATVI,10-Feb,5,73,14.6,7.00%,59%
Suntrust_106,TTWO,9-Feb,5,67,13.4,14.00%,52%
Suntrust_106,DIS,8-Feb,2,30,15,54.80%,67%
Suntrust_106,YELP,9-Feb,2,17,6.8,4.60%,34%
Suntrust_106,ZNGA,9-Feb,2,23,9.2,8.40%,19%
Suntrust_106,MGNI,23-Feb,2,51,20.4,8.00%,66%
Suntrust_106,ROKU,24-Feb,2,53,21.2,7.30%,63%
Suntrust_106,RBLX,24-Feb,1,38,25.3,23.40%,62%
Suntrust_106,WMG,4-Feb,0,9,18,0.90%,24%
Katzup,AAPL,1-Feb,8,174,21.8,5.20%,69%
Katzup,DIS,8-Feb,6,83,13.8,18.80%,56%
Katzup,ADBE,16-Dec,5,108,21.6,2.90%,63%
Katzup,NTNX,3-Mar,5,146,29.2,12.40%,71%
Katzup,NVDA,17-Feb,5,99,19.8,6.50%,69%
Katzup,AMBA,3-Mar,5,110,22,16.10%,62%
Katzup,SAIL,24-Feb,4,31,7.8,38.30%,57%
Katzup,TWTR,10-Feb,4,39,9.8,14.10%,60%
Katzup,MIME,14-Feb,3,25,8.3,17.20%,33%
Katzup,ITRI,2-Mar,3,33,11,9.30%,57%
Katzup,AMD,1-Feb,3,59,19.7,8.20%,72%
Katzup,PLAN,2-Mar,3,44,14.7,32.10%,49%
Katzup,ILMN,1-Feb,3,84,28,7.30%,62%
Katzup,GOOGL,2-Feb,3,62,20.7,9.90%,71%
Katzup,MSFT,27-Jan,3,65,21.7,4.70%,65%
Katzup,CYBR,10-Feb,3,48,16,38.40%,51%
Katzup,TSLA,2-Feb,3,42,14,10.90%,63%
Katzup,CARA,10-Mar,3,19,6.3,60.60%,51%
Katzup,SPLK,3-Mar,2,41,20.5,23.60%,56%
Katzup,STZ,6-Jan,2,37,18.5,2.40%,77%
Katzup,AVGO,9-Dec,2,56,28,0.70%,68%
Katzup,AEIS,31-Jan,2,13,6.5,5.50%,34%
Katzup,FFIV,26-Jan,2,44,22,2.40%,66%
Katzup,JBL,16-Dec,2,43,21.5,8.70%,61%
Katzup,PFE,1-Feb,2,30,15,6.30%,61%
Katzup,INFI,15-Mar,2,-7,-3.5,40.80%,28%
Katzup,ANGO,6-Jan,2,21,10.5,16.10%,54%
Katzup,MU,20-Dec,2,68,34,2.60%,69%
Katzup,BX,27-Jan,2,18,9,23.60%,37%
Katzup,SAM,23-Feb,2,11,5.5,29.00%,47%
Spekoliunas,HUBS,15-Feb,19,495,26.1,16.10%,70%
Spekoliunas,TWLO,15-Feb,19,480,25.3,29.10%,68%
Spekoliunas,EMKR,8-Feb,19,297,15.6,20.60%,67%
Spekoliunas,NUAN,8-Feb,19,330,17.4,5.40%,66%
Spekoliunas,HIMX,17-Feb,19,417,21.9,13.90%,71%
Spekoliunas,ANET,17-Feb,18,427,23.7,4.50%,68%
Spekoliunas,CSCO,16-Feb,18,352,19.6,1.30%,65%
Spekoliunas,TRMB,9-Feb,18,369,20.5,4.80%,68%
Spekoliunas,DDD,2-Mar,18,127,7.1,35.30%,55%
Spekoliunas,TRIP,16-Feb,18,181,10.1,20.60%,55%
Spekoliunas,BB,16-Dec,18,328,18.2,29.40%,67%
Spekoliunas,QCOM,2-Feb,18,385,21.4,4.60%,66%
Spekoliunas,UI,10-Feb,18,270,15,10.90%,54%
Spekoliunas,PANW,1-Mar,18,359,19.9,4.10%,66%
Spekoliunas,HPQ,23-Feb,18,341,18.9,4.10%,63%
Spekoliunas,ZUMZ,10-Mar,18,269,14.9,14.60%,66%
Spekoliunas,CCL,25-Jan,18,345,19.2,18.00%,65%
Spekoliunas,GME,24-Mar,18,165,9.2,22.00%,61%
Spekoliunas,BKNG,2-Mar,18,353,19.6,8.20%,66%
Spekoliunas,LULU,9-Dec,18,432,24,5.20%,72%
Spekoliunas,WMT,17-Feb,18,290,16.1,2.40%,66%
Spekoliunas,RTX,25-Jan,18,404,22.4,5.60%,63%
Spekoliunas,NKE,20-Dec,18,340,18.9,10.00%,63%
Spekoliunas,SYNA,10-Feb,18,269,14.9,4.60%,66%
Spekoliunas,GPRO,3-Feb,18,271,15.1,24.90%,63%
Spekoliunas,MSI,3-Feb,18,443,24.6,3.30%,70%
Spekoliunas,SATS,24-Feb,18,215,11.9,37.20%,53%
Spekoliunas,FFIV,26-Jan,18,324,18,2.00%,60%
Spekoliunas,PENN,3-Feb,18,221,12.3,22.40%,61%
Spekoliunas,SWBI,3-Mar,18,201,11.2,20.80%,55%
